query	taxid	go
NODE_1_length_32580_cov_43.160704_g0_i0	1283333	GO:0019082;GO:0003723;GO:0005524;GO:0019079;GO:0008233;GO:0008168;GO:0004386;GO:0003968;GO:0016896;GO:0039520;GO:0016787;GO:0008234;GO:0090503;GO:0000166;GO:0008270;GO:0032259;GO:0016779;GO:0006351;GO:0016032;GO:0001172;GO:0003676;GO:0039503;GO:0046872;GO:0006508;GO:0039694;GO:0004197;GO:0016740;GO:0008242
NODE_2_length_17507_cov_42.377194_g0_i1	1283332	GO:0019079;GO:0008233;GO:0008168;GO:0003968;GO:0016787;GO:0008234;GO:0090503;GO:0032259;GO:0036459;GO:0039579;GO:0016032;GO:0006508;GO:0039502;GO:0004197;GO:0030683;GO:0016740;GO:0039648;GO:0004519;GO:0019082;GO:0003723;GO:0005524;GO:0004386;GO:0016896;GO:0039520;GO:0000166;GO:0008270;GO:0039657;GO:0016779;GO:0006351;GO:0001172;GO:0003676;GO:0004518;GO:0039548;GO:0039595;GO:0046872;GO:0039503;GO:0039694;GO:0090305;GO:0008242
NODE_3_length_12488_cov_62.984615_g1_i0	511433	GO:0019079;GO:0008233;GO:0008168;GO:0039644;GO:0003968;GO:0016787;GO:0008234;GO:0090503;GO:0032259;GO:0042802;GO:0036459;GO:0039579;GO:0016032;GO:0006508;GO:0039502;GO:0004197;GO:0030683;GO:0016740;GO:0039648;GO:0004519;GO:0019082;GO:0003723;GO:0005524;GO:0004386;GO:0000175;GO:0016896;GO:0039520;GO:0000166;GO:0039657;GO:0008270;GO:0016779;GO:0006351;GO:0004518;GO:0003676;GO:0001172;GO:0039595;GO:0004527;GO:0046872;GO:0039503;GO:0039694;GO:0019083;GO:0090305;GO:0008242
NODE_4_length_9120_cov_42.882834_g0_i2	1415834	GO:0019079;GO:0008233;GO:0003968;GO:0016787;GO:0008234;GO:0016032;GO:0006508;GO:0004197;GO:0016740;GO:0019082;GO:0003723;GO:0039520;GO:0008270;GO:0003676;GO:0001172;GO:0046872;GO:0008242
NODE_5_length_5388_cov_4866.460771_g2_i0	10844	GO:0006266;GO:0003910;GO:0006260;GO:0016874;GO:0016787;GO:0039693;GO:0004519;GO:0003677;GO:0005524;GO:0000166;GO:0004518;GO:0046872;GO:0090305;GO:0039684
NODE_6_length_2177_cov_24.662072_g3_i0	9606	GO:0042773;GO:0008137;GO:0032981;GO:0003954;GO:0001666;GO:0055114;GO:0006120;GO:0016491;GO:0010243;GO:0042542
NODE_7_length_1880_cov_53.693414_g4_i0	981085	GO:0030001;GO:0046873
NODE_8_length_1841_cov_10.312783_g5_i0	981085	GO:0030001;GO:0046873
NODE_9_length_1699_cov_67.207872_g6_i0	9606	GO:0020037;GO:0004129;GO:1902600;GO:0055114;GO:0006119;GO:0016491;GO:0009060;GO:0046872;GO:0022900
NODE_10_length_1398_cov_28.730566_g7_i0	243233	GO:0008150;GO:0003674
NODE_11_length_1392_cov_17.496588_g8_i0	1150469	GO:0045226;GO:0009058;GO:0008879;GO:0016779
NODE_12_length_1270_cov_61.949039_g9_i0	9606	GO:0035094;GO:0042773;GO:0045471;GO:0008137;GO:0032981;GO:0003954;GO:0048039;GO:0001666;GO:0015990;GO:0055114;GO:0006120;GO:0016491;GO:0021549;GO:0001701;GO:0009060;GO:0007568
NODE_13_length_1256_cov_4.286560_g10_i0	1306952	GO:0004519;GO:0003677;GO:0006281;GO:0004518;GO:0090305
NODE_14_length_1221_cov_2.782230_g11_i0	9606	GO:0016310;GO:0042289;GO:0004713;GO:0004672;GO:0004714;GO:0016301;GO:0006468;GO:0006886;GO:0005524;GO:0070206;GO:0007169;GO:0018108;GO:0019882;GO:0006955
NODE_15_length_1210_cov_3.124890_g12_i0	9606	GO:0005515;GO:0032395;GO:0060333;GO:0016032;GO:0023026;GO:0050890;GO:0042605;GO:0002503;GO:0002376;GO:0019882;GO:0050852;GO:0002504;GO:0002506;GO:0019886;GO:0006955
NODE_16_length_1184_cov_19.580558_g13_i0	9606	GO:0031100;GO:0045471;GO:0022904;GO:0006122;GO:0009055;GO:0042493;GO:0009408;GO:0001666;GO:0051592;GO:0046686;GO:0046689;GO:0015990;GO:0055093;GO:0014070;GO:0008121;GO:0055114;GO:0044877;GO:0009636;GO:0007584;GO:0016491;GO:0033590;GO:0010243;GO:0042538;GO:0046688;GO:0046872;GO:0033762;GO:0009725
NODE_17_length_1116_cov_3.162991_g14_i0	9606	GO:0060252;GO:0045109;GO:0030049;GO:0071222;GO:0032967;GO:0019901;GO:0014002;GO:0097110;GO:0071346;GO:0032355;GO:0005515;GO:0045107;GO:0060020;GO:0051721;GO:0046697;GO:0042802;GO:0010043;GO:0033280;GO:0016032;GO:0010628;GO:0009314;GO:0008022;GO:0007010;GO:0019221;GO:0008150;GO:0005212;GO:0043403;GO:0045727;GO:0071225;GO:0003725;GO:0045103;GO:0003674;GO:0010977;GO:0019900;GO:0010269;GO:0070307;GO:0043488;GO:0050770;GO:1900147;GO:0001701;GO:0005200;GO:0044344;GO:0007568;GO:0060395;GO:1990254;GO:0019904;GO:0045444;GO:0005198
NODE_18_length_1046_cov_102.923947_g15_i0	9606	GO:0019901;GO:0008137;GO:0032981;GO:0072593;GO:0055114;GO:0006120;GO:0035255;GO:0016491
NODE_19_length_991_cov_4.541394_g16_i0	981085	GO:0030001;GO:0046873
NODE_21_length_928_cov_33.329825_g18_i0	9606	GO:0042407;GO:0042776;GO:0015078;GO:0016887;GO:0055093;GO:0006754;GO:0006811;GO:0007568;GO:0015986;GO:0022857
NODE_22_length_912_cov_297.401669_g19_i0	9606	GO:0005515;GO:0008137;GO:0032981;GO:0006979;GO:0009642;GO:0071385;GO:0055114;GO:0006120;GO:0016491;GO:0009725
NODE_23_length_900_cov_2.984281_g20_i0	456482	GO:0009231;GO:0016829;GO:0016853;GO:0008686;GO:0046872
NODE_24_length_887_cov_51.425061_g21_i0	4113	GO:0003735;GO:0006412
NODE_25_length_881_cov_60.568069_g4_i1	981085	GO:0030001;GO:0046873
NODE_26_length_877_cov_42.371891_g22_i0	9606	GO:0006123;GO:0042773;GO:0010729;GO:0005515;GO:0005507;GO:2001171;GO:0004129;GO:0010940;GO:1902600;GO:0007595;GO:0055114;GO:0016491;GO:0009409;GO:0046872;GO:0022900
NODE_27_length_864_cov_451.931732_g23_i0	278052	GO:0006879;GO:0005102;GO:0005515;GO:0048019;GO:0043066;GO:0006915;GO:0004519;GO:0007186;GO:1900118;GO:0030595;GO:1900116;GO:0090305
NODE_28_length_849_cov_23.559278_g24_i0	981085	GO:0030001;GO:0046873
NODE_29_length_830_cov_4.334214_g25_i0	9606	GO:0032092;GO:0044267;GO:0055072;GO:1904437;GO:0006826;GO:0005515;GO:0071283;GO:0002480;GO:0045087;GO:0060333;GO:0042493;GO:0042802;GO:0050690;GO:0019885;GO:0046686;GO:0002726;GO:0002479;GO:0001916;GO:0033077;GO:0002237;GO:0002474;GO:0010977;GO:0002376;GO:0043312;GO:0050776;GO:1900121;GO:0045646;GO:0002481;GO:0001895;GO:1900122;GO:1900390;GO:0071281;GO:1904434;GO:0006955;GO:0048260;GO:0042026
NODE_30_length_817_cov_833.155914_g26_i0	8364	GO:0004672;GO:0006468;GO:0005524;GO:0000166;GO:0004674
NODE_31_length_788_cov_3.935664_g27_i0	981085	GO:0030001;GO:0046873
NODE_32_length_783_cov_3.425352_g28_i0	4113	GO:0003735;GO:0006412
NODE_33_length_782_cov_26.385049_g29_i0	9606	GO:0006123;GO:0015453;GO:0005515;GO:0022904;GO:0009055;GO:0004129;GO:1902600;GO:0008535;GO:0015002;GO:0055085;GO:0019646;GO:0009060
NODE_34_length_751_cov_32.820059_g30_i0	9606	GO:0033194;GO:0005515;GO:0008137;GO:0032981;GO:0042493;GO:0003954;GO:0014070;GO:0055114;GO:0006120;GO:0016491;GO:0009060
NODE_35_length_730_cov_666.101979_g31_i0	9606	GO:0006879;GO:0005102;GO:0005515;GO:0048019;GO:0043066;GO:0006915;GO:0007186;GO:1900118;GO:0030595;GO:1900116
NODE_36_length_730_cov_3.400304_g32_i0	9606	GO:0005515;GO:0060333;GO:0042590;GO:0055114;GO:0002376;GO:0016491;GO:0016667;GO:0019886
NODE_37_length_719_cov_9.069659_g33_i0	1306952	GO:0004519;GO:0003677;GO:0006281;GO:0004518;GO:0090305
NODE_38_length_717_cov_4.156832_g34_i0	31675	GO:0046081;GO:0008233;GO:0003964;GO:0016787;GO:0090503;GO:0002134;GO:0008152;GO:0004533;GO:0006226;GO:0003824;GO:0006508;GO:0016740;GO:0006310;GO:0004519;GO:0046718;GO:0000287;GO:0015074;GO:0003677;GO:0075713;GO:0044826;GO:0004523;GO:0008270;GO:0016779;GO:0004518;GO:0004190;GO:0003676;GO:0046872;GO:0090502;GO:0090305;GO:0004170;GO:0006278
NODE_39_length_704_cov_3.717908_g35_i0	456482	GO:0009231;GO:0055114;GO:0016829;GO:0016491;GO:0016853;GO:0008686;GO:0046872;GO:0003960
NODE_40_length_702_cov_9.769475_g36_i0	8030	GO:0004129;GO:1902600;GO:0022900
NODE_41_length_696_cov_823.609952_g37_i0	8364	GO:0004672;GO:0006468;GO:0005524;GO:0000166;GO:0004674
NODE_42_length_691_cov_1.058252_g38_i0	10090	GO:0003743;GO:0005515;GO:0003729;GO:0007507;GO:0045296;GO:0006413;GO:0006412;GO:0003723;GO:0030307;GO:0045727;GO:0007050;GO:0045773;GO:0003674;GO:0008135;GO:0034645;GO:0008219;GO:0006417;GO:0060999;GO:0006446;GO:0010507
NODE_43_length_665_cov_22.947635_g39_i0	9606	GO:0006879;GO:0055072;GO:0005515;GO:0006826;GO:0042802;GO:0008199;GO:0008198;GO:0005506;GO:0055114;GO:0043312;GO:0006880;GO:0046872;GO:0004322
NODE_44_length_661_cov_2.879252_g40_i0	9606	GO:0035774;GO:0042130;GO:0005515;GO:0032395;GO:0060333;GO:0007165;GO:0032673;GO:0051262;GO:0016032;GO:0051290;GO:0023026;GO:0046598;GO:0042609;GO:0002503;GO:0042605;GO:0033674;GO:0046718;GO:0002437;GO:0045893;GO:0016045;GO:0002376;GO:0042088;GO:0001934;GO:0001618;GO:0002455;GO:0019882;GO:0050852;GO:2001179;GO:0002504;GO:0002506;GO:0043123;GO:0002862;GO:0002381;GO:0019886;GO:0045657;GO:0043410;GO:0006955;GO:0070374;GO:0032689
NODE_45_length_659_cov_4.885666_g41_i0	9606	GO:0007015;GO:0005515;GO:0003785
NODE_46_length_650_cov_1.147314_g42_i0	9606	GO:0004602;GO:0005515;GO:0004364;GO:0006749;GO:0098869;GO:0016740;GO:0043651;GO:0035722;GO:1901687;GO:0030855
NODE_47_length_642_cov_4.256591_g43_i0	10029	GO:0003746;GO:0003924;GO:0005525;GO:0006414
NODE_48_length_641_cov_8.167254_g44_i0	9606	GO:0032696;GO:0034021;GO:0007566;GO:0042130;GO:0005515;GO:0042493;GO:0007565;GO:0007165;GO:0009410;GO:0032714;GO:0071774;GO:0019834;GO:0034097;GO:0032496;GO:0010193;GO:0000122;GO:0010033;GO:0043086;GO:0043488;GO:0051384;GO:0097160;GO:0032713;GO:0050727;GO:0032689
NODE_50_length_609_cov_5.044776_g46_i0	9606	GO:0060337;GO:0097191;GO:0097190;GO:0044827;GO:0005521;GO:0005515;GO:0045087;GO:0001102;GO:0042802;GO:0016032;GO:0006915;GO:0006919;GO:0070936;GO:0003674;GO:0000122;GO:0002376;GO:0051607;GO:0046825;GO:0043161
NODE_51_length_608_cov_314.568224_g23_i1	278052	GO:0006879;GO:0005102;GO:0005515;GO:0048019;GO:0043066;GO:0006915;GO:0004519;GO:0007186;GO:1900118;GO:0030595;GO:1900116;GO:0090305
NODE_52_length_608_cov_4.201869_g47_i0	9606	GO:0045786;GO:0008584;GO:0043065;GO:0005515;GO:0003682;GO:2000194;GO:0042771;GO:0065003;GO:0048147;GO:0035914;GO:0003677;GO:0009636;GO:0031401;GO:0008283;GO:0006473;GO:0002526
NODE_53_length_606_cov_1.009381_g48_i0	9606	GO:0006879;GO:0120162;GO:0071222;GO:0071356;GO:0055072;GO:0071347;GO:0045087;GO:0031669;GO:0070301;GO:0042493;GO:0010628;GO:0009635;GO:1903981;GO:0006915;GO:0006979;GO:0019221;GO:0009617;GO:0097192;GO:0097577;GO:0005506;GO:0042742;GO:0031346;GO:0019730;GO:0002376;GO:0043312;GO:0070207;GO:0010046;GO:0002020;GO:0042803;GO:0015891;GO:0006811;GO:0031667;GO:0009615;GO:0036094
NODE_54_length_605_cov_2.770677_g49_i0	9606	GO:0071346;GO:0017148;GO:0003735;GO:0003729;GO:0000184;GO:0006614;GO:0006413;GO:0006412;GO:0003723;GO:0006417;GO:1901194
NODE_55_length_604_cov_2.001883_g50_i0	9606	GO:0051015;GO:0030335;GO:0071673;GO:0042102;GO:0071672;GO:0071346;GO:0097178;GO:0051017;GO:0001774;GO:2000406;GO:0030041;GO:0090026;GO:0043066;GO:0045429;GO:0006911;GO:0071447;GO:0034097;GO:0010629;GO:0003674;GO:0051602;GO:0001934;GO:0051384;GO:0014739;GO:0031668;GO:0071315;GO:0021549;GO:0048662;GO:1900087;GO:0048678;GO:0032870;GO:0006954;GO:0003779;GO:0016601;GO:0046872;GO:0048661;GO:0005509
NODE_56_length_593_cov_2.394231_g51_i0	981085	GO:0015977;GO:0000287;GO:0006355;GO:0016984
NODE_58_length_585_cov_2.189453_g53_i0	9606	GO:0043687;GO:0002317;GO:0030395;GO:0044267;GO:0045445;GO:0005515;GO:0042493;GO:0006915;GO:0046598;GO:0071333;GO:0003723;GO:0031295;GO:0071407;GO:0010977;GO:0034120;GO:0048678;GO:0043236;GO:0042803;GO:0043123;GO:0035900;GO:0030246;GO:0010812;GO:0042981;GO:2001200
NODE_59_length_580_cov_1.439842_g54_i0	9606	GO:0060337;GO:0005515;GO:0045087;GO:0007165;GO:0042802;GO:0008017;GO:0006915;GO:0003924;GO:0003374;GO:0005525;GO:0034340;GO:0061025;GO:0002376;GO:0045071;GO:0000166;GO:0000266;GO:0051607;GO:0006952;GO:0009615
NODE_60_length_576_cov_1.807157_g55_i0	9606	GO:0016477;GO:0007166;GO:0002092;GO:0045807;GO:0002576;GO:0005515;GO:0050931;GO:0015031;GO:0007160;GO:0034613;GO:1901379;GO:0048757;GO:0043312;GO:1900746;GO:0035646;GO:2001046;GO:0043473
NODE_61_length_574_cov_1.650699_g56_i0	9606	GO:0015643;GO:0031625;GO:0071346;GO:0002827;GO:0032395;GO:0046635;GO:0002579;GO:0060333;GO:0002344;GO:0042605;GO:0048002;GO:1990405;GO:0002376;GO:0002455;GO:0019882;GO:0050852;GO:0002504;GO:0002381;GO:0046872;GO:0019886;GO:0006955;GO:0008134
NODE_62_length_572_cov_30.589178_g57_i0	7955	GO:0008150;GO:0003674
NODE_63_length_570_cov_772.784708_g58_i0	9541	GO:0035725;GO:0005272;GO:0006814;GO:0006811
NODE_64_length_566_cov_2.523327_g59_i0	9685	GO:0003735;GO:0006412
NODE_65_length_565_cov_3.558943_g60_i0	9606	GO:0010951;GO:0005515;GO:0032091;GO:0035821;GO:0045087;GO:0010466;GO:0003729;GO:0030414;GO:0019731;GO:0003677;GO:0042742;GO:0032496;GO:0002376;GO:0045071;GO:0043312;GO:0004866;GO:0004867;GO:0006955;GO:0019899
NODE_66_length_561_cov_24.274590_g61_i0	9606	GO:0006879;GO:0005515;GO:0006826;GO:0008285;GO:0042802;GO:0008199;GO:0048147;GO:0008198;GO:0005506;GO:0055114;GO:0060547;GO:0043312;GO:0097286;GO:0016491;GO:0006880;GO:0046872;GO:0004322;GO:0006955
NODE_67_length_560_cov_3.145791_g62_i0	1316254	GO:0045454;GO:0006979;GO:0098869;GO:0055114;GO:0016209;GO:0016491;GO:0051920;GO:0004601
NODE_68_length_557_cov_3.210744_g63_i0	9541	GO:0035774;GO:0042130;GO:0005515;GO:0032395;GO:0060333;GO:0007165;GO:0032673;GO:0051262;GO:0016032;GO:0051290;GO:0046598;GO:0023026;GO:0042609;GO:0002503;GO:0042605;GO:0033674;GO:0046718;GO:0002437;GO:0045893;GO:0016045;GO:0002376;GO:0042088;GO:0001934;GO:0001618;GO:0002455;GO:0019882;GO:0050852;GO:2001179;GO:0002504;GO:0002506;GO:0043123;GO:0002862;GO:0002381;GO:0019886;GO:0045657;GO:0043410;GO:0006955;GO:0070374;GO:0032689
NODE_69_length_557_cov_1.142562_g64_i0	9606	GO:0005515;GO:0003735;GO:0006412;GO:0003723
NODE_70_length_547_cov_17.670886_g65_i0	9606	GO:0019835;GO:0044267;GO:0016787;GO:0008152;GO:0042802;GO:0031640;GO:0003824;GO:0003796;GO:0050829;GO:0042742;GO:0019730;GO:0043312;GO:0050830;GO:0001895;GO:0006954;GO:0016798
NODE_71_length_546_cov_2.771670_g66_i0	9606	GO:0045730;GO:0007204
NODE_72_length_543_cov_3.787234_g67_i0	185431	GO:0016874;GO:0042493;GO:0061630;GO:0071596;GO:0035091;GO:0016567;GO:0006368;GO:0008270
NODE_73_length_527_cov_2.059471_g68_i0	1370023	GO:0016787
NODE_74_length_522_cov_1.757238_g69_i0	1316444	GO:0016787
NODE_75_length_522_cov_1.536748_g70_i0	9606	GO:0003735;GO:0006412;GO:0003723;GO:0019843
NODE_76_length_515_cov_1.678733_g71_i0	9606	GO:0040008;GO:0005515;GO:0003824;GO:0006098;GO:0016740;GO:0004802;GO:0005999;GO:0009052;GO:0048037;GO:0046166;GO:0042803;GO:0046872
NODE_77_length_514_cov_3.433107_g72_i0	9595	GO:0005509
NODE_78_length_513_cov_4.104545_g73_i0	9606	GO:0036041;GO:0120162;GO:0071356;GO:0051427;GO:0045892;GO:0008289;GO:0050873;GO:0005504;GO:0071285;GO:0009617;GO:0019433;GO:0050872;GO:0050729;GO:0005324;GO:0042632;GO:0015909;GO:0042750;GO:0001816;GO:0050727;GO:0006469
NODE_79_length_513_cov_1.588636_g74_i0	9606	GO:0120162;GO:0008670;GO:0070402;GO:0051289;GO:0006629;GO:0016651;GO:0055114;GO:0006635;GO:0006631;GO:0016491
NODE_80_length_507_cov_9.225806_g75_i0	243233	GO:0008150;GO:0003674
NODE_81_length_507_cov_3.389401_g76_i0	9606	GO:0048365;GO:0005515;GO:0006914;GO:0015031;GO:1902583;GO:0006622;GO:0019003;GO:0007174;GO:0016032;GO:0003924;GO:0006886;GO:1903542;GO:0005525;GO:1905366;GO:0006629;GO:1903543;GO:0045022;GO:0090382;GO:0090385;GO:0016042;GO:0090383;GO:0061724;GO:0022615;GO:0000166;GO:0043312;GO:0006897;GO:0032482;GO:0008333;GO:1905394;GO:0016197;GO:0045453;GO:0019076;GO:0042147;GO:0048524;GO:0019886;GO:0045732;GO:0000045
NODE_83_length_490_cov_40.736211_g78_i0	9606	GO:0042773;GO:0008137;GO:0016651;GO:0055114;GO:0006120;GO:0016491
NODE_84_length_490_cov_1.880096_g79_i0	9646	GO:0031625;GO:0032436;GO:0019788;GO:0097602;GO:0061630;GO:0045116;GO:0031146;GO:0016567;GO:0034450;GO:0008270;GO:0006513;GO:0030163;GO:0004842;GO:0043161;GO:0008134
NODE_86_length_488_cov_1.653012_g81_i0	9606	GO:0043274;GO:0033344;GO:0034372;GO:0070328;GO:0016004;GO:0034382;GO:0060697;GO:0042493;GO:0034370;GO:0008289;GO:0001523;GO:0010518;GO:0033700;GO:0051006;GO:0043691;GO:0034371;GO:0008047;GO:0006629;GO:0045833;GO:0016042;GO:0010916;GO:0010898;GO:0055102;GO:0006869;GO:0010902;GO:0043086;GO:0042632;GO:0042953;GO:0032375;GO:0048261;GO:0034384;GO:0042803;GO:0045723;GO:0034375;GO:0060230;GO:0034378
NODE_87_length_483_cov_1.107317_g82_i0	9606	GO:0008083;GO:0005515;GO:0010469;GO:0007165;GO:0005125;GO:0003723;GO:0043312
NODE_88_length_481_cov_3.401961_g83_i0	981085	GO:0030001;GO:0046873
NODE_89_length_475_cov_1.813433_g84_i0	1306952	GO:0004519;GO:0003677;GO:0006281;GO:0004518;GO:0090305
NODE_90_length_472_cov_4.157895_g85_i0	412755	GO:0046677;GO:0005515;GO:0016787;GO:0008800;GO:0046872;GO:0030655
NODE_91_length_471_cov_2.293970_g86_i0	9544	GO:0003735;GO:0006412;GO:0003723
NODE_92_length_469_cov_6.997475_g87_i0	9606	GO:0051005;GO:0033344;GO:0004859;GO:0034379;GO:0034382;GO:0042157;GO:0010900;GO:0031210;GO:0034369;GO:0033700;GO:0005504;GO:0006629;GO:0045833;GO:0010916;GO:0008203;GO:0055102;GO:0006869;GO:0050995;GO:0032374;GO:0043085;GO:0032375;GO:0048261;GO:0006641;GO:0060228;GO:0045717;GO:0034375;GO:0034447;GO:0010873
NODE_93_length_468_cov_2.321519_g88_i0	9606	GO:0010951;GO:0018149;GO:0004869;GO:0010466;GO:0030414;GO:0007155;GO:0045861;GO:0030674;GO:0030216;GO:0070268;GO:0098609;GO:0004866;GO:0002020;GO:0005198
NODE_94_length_461_cov_2.175258_g89_i0	9606	GO:0043687;GO:0010951;GO:0007596;GO:0048208;GO:0044267;GO:0002576;GO:0005515;GO:0007599;GO:0010466;GO:0042802;GO:0030414;GO:0043312;GO:0002020;GO:0004867;GO:0006953;GO:0006888
NODE_95_length_461_cov_1.677835_g90_i0	9544	GO:0004602;GO:0019370;GO:0005515;GO:0004364;GO:0004464;GO:0006805;GO:0098869;GO:0016740;GO:0006629;GO:1901687;GO:0010243
NODE_96_length_459_cov_1.398964_g91_i0	7998	GO:0003735;GO:0002181;GO:0006412
NODE_97_length_457_cov_1.252604_g92_i0	9606	GO:0034976;GO:0097352;GO:0005515;GO:0006914;GO:0031396;GO:0042802;GO:1901340;GO:0030433;GO:0034140;GO:0016236;GO:0071456;GO:0031593;GO:1902175;GO:0035973;GO:0019900;GO:0031398;GO:1903071;GO:0000045
NODE_98_length_456_cov_3.174935_g93_i0	9606	GO:0019903;GO:2001189;GO:0045637;GO:0050860;GO:0005515;GO:1903078;GO:0048246;GO:0045087;GO:0019863;GO:0048245;GO:0030154;GO:0045806;GO:2000521;GO:1902041;GO:0008380;GO:0070232;GO:0050918;GO:0003723;GO:0090280;GO:0002376;GO:2001237;GO:0090073;GO:0042129;GO:0043312;GO:0002548;GO:1903614;GO:0042056;GO:0006397;GO:0004864;GO:0071674;GO:0030593;GO:0043236;GO:0030246;GO:0071677;GO:2001200;GO:0030855
NODE_99_length_455_cov_1.900524_g94_i0	9606	GO:0010744;GO:0030301;GO:0005515;GO:0005044;GO:0010886;GO:0006898;GO:0006911;GO:0097242;GO:0010629;GO:0034381;GO:0006897;GO:0042953;GO:0001540;GO:0030169
NODE_100_length_453_cov_2.318421_g95_i0	9606	GO:0010951;GO:0008344;GO:0004869;GO:0010466;GO:0030414;GO:0003723;GO:0045861;GO:0043312;GO:0004866;GO:0002020
NODE_101_length_452_cov_2.923483_g96_i0	9606	GO:0042102;GO:0071346;GO:0032395;GO:0032729;GO:0060333;GO:0042605;GO:0002376;GO:0019882;GO:0050852;GO:0002504;GO:0050870;GO:0019886;GO:0006955
NODE_102_length_437_cov_1.035714_g97_i0	9606	GO:0033344;GO:0034379;GO:0005515;GO:0016746;GO:0000062;GO:0010742;GO:0016740;GO:0006629;GO:0008374;GO:0042986;GO:0010878;GO:0008203;GO:0034435;GO:0015485;GO:0008202;GO:0042632;GO:0034383;GO:0004772;GO:0034736
NODE_103_length_435_cov_3.110497_g98_i0	9606	GO:0016310;GO:0030316;GO:0002283;GO:0005102;GO:0005515;GO:0045087;GO:0007165;GO:0042802;GO:0016301;GO:0035556;GO:0043312;GO:0007229;GO:0002281;GO:0050776;GO:0006968;GO:2001204
NODE_104_length_432_cov_1.607242_g99_i0	1028803	GO:0016787
NODE_105_length_430_cov_2.030812_g100_i0	9606	GO:0061844;GO:0005515;GO:0003735;GO:0000184;GO:0002181;GO:0031640;GO:0006614;GO:0006413;GO:0006412;GO:0003723;GO:0050829
NODE_106_length_429_cov_1.553371_g101_i0	9595	GO:1905573;GO:0006687;GO:0071310;GO:0060742;GO:0002576;GO:0005515;GO:0019216;GO:0007193;GO:0043408;GO:0008289;GO:1905576;GO:0006665;GO:0001664;GO:1905575;GO:0008047;GO:0006629;GO:0006869;GO:1905577;GO:0043312;GO:0010506;GO:0060736;GO:0043085;GO:0007186;GO:1905574;GO:0042803;GO:0005543;GO:1903206;GO:0004565;GO:1905572;GO:0048589;GO:0043410
NODE_107_length_427_cov_1.440678_g102_i0	419109	GO:0046677;GO:0005515;GO:0016787;GO:0008800;GO:0046872;GO:0030655
NODE_108_length_427_cov_0.954802_g103_i0	981085	GO:0015977;GO:0000287;GO:0016984
NODE_109_length_425_cov_7.897727_g104_i0	225400	GO:0006355
NODE_110_length_422_cov_1.406877_g105_i0	9606	GO:0008083;GO:0004860;GO:0010469;GO:0006468;GO:2000249;GO:0008047;GO:0071933;GO:0043312;GO:0043085;GO:0034316;GO:0071846;GO:0003779;GO:0006469
NODE_111_length_418_cov_1.350725_g106_i0	9606	GO:0010760;GO:0032760;GO:0033981;GO:0050729;GO:0005126;GO:0042438;GO:0016829;GO:0050178;GO:0004167;GO:0070374
NODE_112_length_417_cov_5.191860_g107_i0	225400	GO:0003735;GO:0006414
NODE_114_length_414_cov_2.689150_g109_i0	9258	GO:0005515;GO:0016787;GO:0003735;GO:0000184;GO:0000049;GO:0006614;GO:0006413;GO:0006412;GO:0003723;GO:0000028
NODE_115_length_413_cov_1.035294_g110_i0	9606	GO:0016597;GO:0005515;GO:0016787;GO:0043105;GO:0004857;GO:0065003;GO:0042133;GO:0044549;GO:0030742;GO:0051186;GO:0051291;GO:0009890;GO:0019899;GO:0006809
NODE_116_length_412_cov_1.802360_g111_i0	1268978	GO:0045892;GO:0042802;GO:0001141;GO:0003677;GO:0000986;GO:0006355;GO:0006351
NODE_117_length_408_cov_194.214925_g112_i0	8364	GO:0004672;GO:0006468;GO:0005524;GO:0000166;GO:0004674
NODE_118_length_407_cov_3.179641_g113_i0	9598	GO:0003735;GO:0002181;GO:0006412;GO:0019843
NODE_119_length_403_cov_1.527273_g114_i0	9606	GO:0008375;GO:0006687;GO:0044267;GO:0009313;GO:0008654;GO:0005515;GO:0016787;GO:0042340;GO:0007341;GO:0030207;GO:0006689;GO:0030203;GO:0008152;GO:0008360;GO:0043615;GO:0102148;GO:0004563;GO:0008049;GO:0045944;GO:0050885;GO:0048477;GO:0030214;GO:0046982;GO:0019953;GO:0004553;GO:0043312;GO:0031323;GO:0007338;GO:0005975;GO:0006874;GO:0007040;GO:0042552;GO:0042803;GO:0016798;GO:0019915;GO:0007626;GO:0007605;GO:0050905;GO:0001501
NODE_120_length_402_cov_2.428571_g115_i0	8665	GO:0046872
NODE_121_length_402_cov_1.583587_g116_i0	9595	GO:0060337;GO:0016793;GO:0006260;GO:0046061;GO:0003697;GO:0016787;GO:0005515;GO:0045087;GO:0006203;GO:0008152;GO:0051289;GO:0042802;GO:0003824;GO:0045088;GO:0005525;GO:0000724;GO:0110025;GO:0004540;GO:0003723;GO:0016446;GO:0009264;GO:0032567;GO:0008832;GO:0002376;GO:0000166;GO:0008270;GO:0006974;GO:0006281;GO:0090501;GO:0051607;GO:0003676;GO:0046872;GO:0006955;GO:0060339
NODE_123_length_400_cov_1.174312_g118_i0	9595	GO:0005515;GO:0042493;GO:0016740;GO:0003677;GO:0003950;GO:0006974;GO:0006471;GO:0006281;GO:0008219;GO:0051972;GO:0006954;GO:0006464;GO:0016757;GO:0019899
NODE_124_length_399_cov_2.153374_g119_i0	9541	GO:0003735;GO:0006412
NODE_125_length_399_cov_1.398773_g120_i0	4113	GO:0003735;GO:0006412
NODE_126_length_398_cov_3.676923_g121_i0	37623	GO:0003735;GO:0006412;GO:0003723;GO:0019843;GO:0046872
NODE_127_length_396_cov_2.269350_g122_i0	9606	GO:0010951;GO:0030193;GO:0045916;GO:0004867
NODE_128_length_395_cov_10.751553_g123_i0	741158	GO:0006123;GO:0005515;GO:0020037;GO:0004129;GO:0006979;GO:1902600;GO:0015990;GO:0055114;GO:0006119;GO:0051602;GO:0016491;GO:0021549;GO:0046688;GO:0009060;GO:0007568;GO:0046872;GO:0022900
NODE_129_length_395_cov_1.403727_g124_i0	9595	GO:0051015;GO:0005515;GO:0051693;GO:0065003;GO:0045296;GO:0022617;GO:0071803;GO:0044877;GO:0051016;GO:0003779;GO:0019904
NODE_130_length_394_cov_1.024922_g125_i0	456482	GO:0009231;GO:0016829;GO:0016853;GO:0008686;GO:0046872
NODE_131_length_394_cov_0.962617_g126_i0	10090	GO:0034975;GO:0045494;GO:0008150;GO:0060041;GO:0003674
NODE_132_length_393_cov_1.034375_g127_i0	9606	GO:0060304;GO:0006661;GO:0052629;GO:0016791;GO:0048666;GO:0052866;GO:0016787;GO:0005515;GO:0045806;GO:0051262;GO:0032288;GO:0090394;GO:0046855;GO:0046488;GO:0008138;GO:0006629;GO:2000643;GO:2000645;GO:0035335;GO:0004438;GO:0097062;GO:0006470;GO:0016311;GO:0031642;GO:0004725;GO:0042803;GO:0046856;GO:0002091
NODE_134_length_391_cov_1.311321_g129_i0	9940	GO:0016310;GO:0060161;GO:0050728;GO:0005515;GO:0004672;GO:2000331;GO:0050882;GO:0010821;GO:0015031;GO:1903364;GO:0099003;GO:0016301;GO:0006468;GO:1905166;GO:0016032;GO:1902823;GO:0010628;GO:0099074;GO:0090263;GO:0006886;GO:1990126;GO:0033365;GO:0006624;GO:0016055;GO:0031748;GO:0008150;GO:1902950;GO:0043653;GO:1901215;GO:0005524;GO:1903828;GO:0008565;GO:0010629;GO:0003674;GO:0007416;GO:0098887;GO:0031648;GO:0007040;GO:0016241;GO:0090141;GO:0032268;GO:0042147;GO:0090326;GO:0032463;GO:1905606;GO:0099639;GO:0061357;GO:0031647;GO:0060548;GO:1903181;GO:0045056
NODE_135_length_390_cov_2.236593_g130_i0	1196322	GO:0004553;GO:0005975
NODE_136_length_389_cov_1.303797_g131_i0	9606	GO:0009055;GO:0006091;GO:0008121;GO:0055114;GO:0022900
NODE_137_length_389_cov_1.291139_g132_i0	9595	GO:0030449;GO:0007596;GO:0010951;GO:0030193;GO:0002576;GO:0045916;GO:0005515;GO:0045087;GO:0007599;GO:0042730;GO:0010466;GO:0030414;GO:0008015;GO:0006958;GO:0007597;GO:0002376;GO:0004867;GO:0007568;GO:0001869
NODE_138_length_388_cov_0.980952_g133_i0	9606	GO:0007286;GO:0003723;GO:0098609;GO:0009566;GO:0060009
NODE_139_length_388_cov_0.961905_g134_i0	9595	GO:0071346;GO:0035458;GO:0070102;GO:1990841;GO:0071345;GO:0046725;GO:0060333;GO:0001937;GO:0000978;GO:0043542;GO:0007165;GO:0042802;GO:0070491;GO:0002053;GO:0007221;GO:0045944;GO:0045648;GO:0010742;GO:0006919;GO:0042393;GO:0014070;GO:0003677;GO:0034097;GO:0045893;GO:0000122;GO:0005164;GO:0051770;GO:0000979;GO:0043565;GO:0033209;GO:0016525;GO:0051607;GO:0051591;GO:0043434;GO:0042803;GO:0032869;GO:0035035;GO:0072162;GO:0035456;GO:0060337;GO:0000981;GO:0007259;GO:0003690;GO:0005515;GO:0060334;GO:0051721;GO:0003700;GO:0042493;GO:0009612;GO:0000983;GO:0016032;GO:0045296;GO:0008015;GO:0019221;GO:0006355;GO:0072308;GO:0070757;GO:0038114;GO:0006357;GO:0071407;GO:0007584;GO:0061326;GO:0031730;GO:0043124;GO:0072136;GO:0070106;GO:0032727;GO:0042542;GO:0000982;GO:0035257;GO:0048661;GO:0044389;GO:0003340;GO:0042981;GO:0002230;GO:0019899;GO:0038113;GO:0008284
NODE_140_length_387_cov_1.789809_g135_i0	9606	GO:0007596;GO:0045742;GO:0030377;GO:0042730;GO:0007165;GO:2001243;GO:0006935;GO:0043388;GO:0038195;GO:0090200;GO:0016310;GO:0005102;GO:0005515;GO:0016301;GO:0043066;GO:0038023;GO:0030162;GO:0043312;GO:0001934;GO:2001268;GO:0019904;GO:0019899
NODE_141_length_385_cov_1.766026_g136_i0	644	GO:0016746;GO:0046677;GO:0008811;GO:0016740
NODE_142_length_383_cov_2.832258_g137_i0	9646	GO:0003735;GO:0006412;GO:0003676;GO:0003723
NODE_143_length_383_cov_1.303226_g138_i0	9606	GO:0015031;GO:0016197;GO:0007032
NODE_144_length_374_cov_3.970100_g139_i0	457416	GO:0016787
NODE_145_length_374_cov_1.342193_g140_i0	9544	GO:0016538;GO:0004672;GO:0051726;GO:0000278;GO:0007088;GO:0000079;GO:0019901;GO:0006468;GO:0045787;GO:0007283;GO:0008284
NODE_146_length_374_cov_1.162791_g141_i0	9544	GO:0003735;GO:0000027;GO:0006412;GO:0019843
NODE_147_length_371_cov_1.791946_g142_i0	9595	GO:0008233;GO:0016485;GO:0002250;GO:0022617;GO:0005518;GO:0004197;GO:0030574;GO:0034769;GO:0001968;GO:0048002;GO:0043394;GO:0002224;GO:0019886;GO:0051603;GO:0016787;GO:0008234;GO:0006508;GO:0097067;GO:0043312;GO:2001259;GO:0004252;GO:0019882;GO:0043236;GO:0010447;GO:0006955
NODE_148_length_370_cov_1.033670_g143_i0	9595	GO:0008233;GO:0006518;GO:0071345;GO:0004222;GO:0008237;GO:0002003;GO:0004175;GO:0071492;GO:0050435;GO:0005515;GO:0016787;GO:0019233;GO:0071493;GO:0090399;GO:0042277;GO:0006508;GO:0008238;GO:0046449;GO:0001822;GO:0097242;GO:0043312;GO:0008270;GO:0046872
NODE_150_length_368_cov_2.711864_g145_i0	981085	GO:0030001;GO:0046873
NODE_151_length_368_cov_1.623729_g146_i0	61853	GO:0018479;GO:0055114;GO:0006081;GO:0000166;GO:0016491;GO:0005096;GO:0006069;GO:0061624;GO:0001758;GO:0004029;GO:0001523;GO:0043547;GO:0016620;GO:0005497;GO:0042572;GO:0051287;GO:0120163
NODE_153_length_362_cov_1.076125_g148_i0	9595	GO:0004520;GO:0004518;GO:0006259;GO:0016787;GO:0006309;GO:0004531;GO:0004519
NODE_154_length_362_cov_1.010381_g149_i0	9606	GO:0051015;GO:0003735;GO:0006364;GO:0006412;GO:0042254;GO:0006397;GO:0007517;GO:0003779;GO:0005515;GO:0000398;GO:0008380;GO:0003723
NODE_155_length_360_cov_3.372822_g150_i0	9606	GO:1902230;GO:0006874;GO:0005509;GO:0009615;GO:0005515;GO:0043066;GO:0006816;GO:0003723;GO:0042981
NODE_156_length_356_cov_1.197880_g151_i0	9595	GO:0048008;GO:0048365;GO:0019903;GO:0008543;GO:0007165;GO:0051894;GO:0072015;GO:0034260;GO:0035305;GO:0036120;GO:0005516;GO:0071364;GO:0003676;GO:0043087;GO:0005509;GO:0005096;GO:0016477;GO:0007346;GO:1903829;GO:0019901;GO:0005515;GO:1990138;GO:0005095;GO:0071902;GO:0007173;GO:1904754;GO:1900006;GO:0032947;GO:0045296;GO:0005547;GO:0044548;GO:1900086;GO:0031267;GO:0017048;GO:0006355;GO:0043539;GO:0043547;GO:0044877;GO:0071277;GO:0051019;GO:1990776;GO:0043312;GO:0045860;GO:0043406;GO:0044344;GO:0001817;GO:0019904
NODE_157_length_355_cov_2.783688_g152_i0	9606	GO:0060333;GO:0042605;GO:0002504;GO:0019886;GO:0032395;GO:0002376;GO:0019882;GO:0050852;GO:0006955
NODE_159_length_355_cov_1.035461_g154_i0	9595	GO:0030335;GO:0032436;GO:0090090;GO:0038024;GO:0060766;GO:0032091;GO:0015031;GO:0006915;GO:0016055;GO:2000643;GO:0045893;GO:0010862;GO:0035615;GO:0007229;GO:0046332;GO:0045807;GO:2000370;GO:0005515;GO:0045892;GO:1903077;GO:0030154;GO:2000096;GO:0043066;GO:0035026;GO:0008022;GO:0007275;GO:0006898;GO:0008283;GO:0006897;GO:0001934;GO:0060391;GO:0010718;GO:0061024;GO:0030511
NODE_160_length_354_cov_2.594306_g155_i0	10090	GO:0048027;GO:0043009;GO:0003735;GO:0003729;GO:0048146;GO:0000184;GO:0031369;GO:0006413;GO:0006412;GO:0045727;GO:0045471;GO:0016787;GO:0005515;GO:0030154;GO:0043066;GO:0006614;GO:0003723
NODE_161_length_354_cov_1.448399_g156_i0	10090	GO:0060100;GO:0019903;GO:1905563;GO:0042593;GO:0061614;GO:0060694;GO:0019216;GO:0033189;GO:0008285;GO:0002024;GO:0070888;GO:0007507;GO:0042802;GO:0051974;GO:0030522;GO:0046965;GO:0010742;GO:0055088;GO:0006919;GO:0014070;GO:0003677;GO:2000230;GO:0001103;GO:0001012;GO:0032385;GO:0045893;GO:0000122;GO:0004955;GO:0008144;GO:0043388;GO:0032526;GO:0001078;GO:0050714;GO:0032869;GO:0010871;GO:0043537;GO:0030855;GO:0010891;GO:1900077;GO:0001890;GO:0003690;GO:0050544;GO:1903076;GO:0050692;GO:0003682;GO:0002674;GO:0045892;GO:0042493;GO:0060336;GO:0030374;GO:0035902;GO:0071455;GO:0007275;GO:0005504;GO:0038023;GO:0030331;GO:0032094;GO:0009416;GO:0046982;GO:0002021;GO:0071407;GO:0010033;GO:0007584;GO:0007186;GO:0045165;GO:0015909;GO:0032966;GO:0004879;GO:0071379;GO:0003707;GO:0031100;GO:0046321;GO:0043627;GO:0071306;GO:0001818;GO:0007165;GO:0090278;GO:0001227;GO:1905461;GO:0048469;GO:0042752;GO:0071300;GO:0000977;GO:0045944;GO:0050873;GO:0071285;GO:0006629;GO:0010468;GO:0019395;GO:0050693;GO:0051091;GO:0043565;GO:0045713;GO:1904706;GO:0030308;GO:0016525;GO:0010887;GO:0044212;GO:0006954;GO:0010745;GO:0045444;GO:0051393;GO:0008134;GO:0008217;GO:0000981;GO:0048714;GO:0043621;GO:0043065;GO:0035357;GO:0005515;GO:0031000;GO:0045087;GO:0003700;GO:0033613;GO:0033993;GO:0009612;GO:0030154;GO:0045600;GO:0042277;GO:0008289;GO:0008022;GO:0071380;GO:0060850;GO:0006367;GO:0031394;GO:0010875;GO:0071404;GO:1901558;GO:0001228;GO:0006355;GO:0050872;GO:0060965;GO:0000976;GO:0010629;GO:0050699;GO:0006357;GO:0006631;GO:0008270;GO:0042953;GO:0009755;GO:0048662;GO:0045598;GO:0009409;GO:0048511;GO:0046872;GO:0042594;GO:0043401;GO:0019899;GO:0030224
NODE_162_length_352_cov_1.584229_g157_i0	9595	GO:0006002;GO:0003824;GO:0006098;GO:0005999;GO:0009052;GO:0005975;GO:0016740;GO:0035722;GO:0030246;GO:0005515;GO:0048029;GO:0019682;GO:0004801
NODE_163_length_352_cov_1.329749_g158_i0	9606	GO:0007596;GO:0031625;GO:0047555;GO:0007507;GO:0008603;GO:0001707;GO:0019934;GO:0007143;GO:0045835;GO:0034199;GO:0034236;GO:0004862;GO:0003091;GO:0000166;GO:2000480;GO:0045214;GO:0006469;GO:0045859;GO:0005515;GO:0071377;GO:0030552;GO:0046007;GO:0035556;GO:0001932;GO:0060038;GO:0006357;GO:0019904
NODE_164_length_351_cov_7.309353_g159_i0	243233	GO:0008150;GO:0003674
NODE_165_length_351_cov_2.050360_g160_i0	419612	GO:0003735;GO:0006412
NODE_166_length_351_cov_1.003597_g161_i0	450749	GO:0016620;GO:0055114;GO:0016491
NODE_167_length_350_cov_1.119134_g162_i0	9606	GO:0003677;GO:0000981;GO:0016032;GO:0006357;GO:0046872
NODE_168_length_349_cov_1.123188_g163_i0	9595	GO:0004672;GO:0005524;GO:0046329;GO:0004709;GO:0000165;GO:0032874;GO:0004674;GO:0016310;GO:0016301;GO:0032147;GO:0016740;GO:0023014;GO:0006974;GO:0046330;GO:0007095;GO:0031098;GO:0000186;GO:0046777;GO:0000166;GO:0043507;GO:0006469;GO:0004860;GO:0005515;GO:0006468;GO:0006281
NODE_169_length_349_cov_1.043478_g164_i0	83333	GO:0042802;GO:0003677;GO:0045892;GO:0001141;GO:0000986;GO:0006351;GO:0006355
NODE_170_length_348_cov_1.676364_g165_i0	4113	GO:0003735;GO:0006412
NODE_171_length_348_cov_1.483636_g166_i0	9595	GO:0051865;GO:0001525;GO:2000051;GO:0051260;GO:0000209;GO:0016740;GO:0016567;GO:0002040;GO:0006511;GO:0004842;GO:0016787;GO:0016887;GO:0046872
NODE_172_length_348_cov_1.130909_g167_i0	9913	GO:1903608;GO:0001682;GO:0006396;GO:0008033;GO:0042780;GO:0071045;GO:0000049;GO:0003723;GO:0006409;GO:0075522;GO:0003676;GO:1990825;GO:0008266
NODE_173_length_347_cov_1.854015_g168_i0	9595	GO:0008089;GO:0032438;GO:0018394;GO:0016197;GO:0005515;GO:0048490;GO:0032418;GO:0031175;GO:0060155;GO:0009060
NODE_174_length_347_cov_1.697080_g169_i0	450749	GO:0019516;GO:0051536
NODE_175_length_345_cov_1.319853_g170_i0	9606	GO:0072011;GO:0050904;GO:0043542;GO:0001525;GO:0007155;GO:0050900;GO:0072672;GO:0002576;GO:0042531;GO:0030334;GO:0006909;GO:0007165;GO:0007266;GO:0030198;GO:0007156;GO:0042803;GO:0007159;GO:0005515;GO:0008037;GO:0043312;GO:0001886;GO:0090673;GO:0042060;GO:0098742
NODE_176_length_345_cov_1.121324_g171_i0	1256574	GO:0004747;GO:0008686;GO:0016310;GO:0016301;GO:0046835;GO:0016740;GO:0009231;GO:0016829;GO:0016853;GO:0046872
NODE_177_length_344_cov_1.789668_g172_i0	1403949	GO:0008233;GO:0005524;GO:0046983;GO:0006457;GO:0000166;GO:0051082;GO:0006508;GO:0008270;GO:0046872
NODE_178_length_344_cov_1.147601_g173_i0	9595	GO:0060766;GO:0019216;GO:0042826;GO:0046965;GO:0072362;GO:0003677;GO:0040014;GO:0001012;GO:0000122;GO:0046329;GO:0035033;GO:0072368;GO:0060318;GO:0003682;GO:0021794;GO:0001102;GO:0045892;GO:0002361;GO:0042974;GO:0030331;GO:2000191;GO:0003714;GO:0031065;GO:0032922;GO:0008284;GO:0046966;GO:0051225;GO:0014067;GO:0043565;GO:0007623;GO:1904017;GO:0044212;GO:0042975;GO:0006325;GO:0002155;GO:0000981;GO:0005515;GO:0003700;GO:0010629;GO:0006357;GO:0042632;GO:1903799;GO:0006366;GO:0035257;GO:0019904
NODE_179_length_344_cov_0.822878_g174_i0	9606	GO:0017185;GO:0030199;GO:0015031;GO:0008333;GO:0043687;GO:0007283;GO:0032963;GO:0097352;GO:0005515;GO:0030154;GO:0006886;GO:0044877
NODE_180_length_342_cov_6.494424_g175_i0	9606	GO:0003735;GO:0006364;GO:0006919;GO:0003677;GO:0006978;GO:0042771;GO:0006614;GO:0003723;GO:0000028;GO:0008283;GO:0008656;GO:0000184;GO:0006413;GO:0006412;GO:0031571;GO:0045727;GO:0016787;GO:0005515;GO:0008494;GO:0008270;GO:0046872
NODE_181_length_342_cov_3.107807_g176_i0	1316444	GO:0016787
NODE_182_length_342_cov_2.375465_g177_i0	243233	GO:0008150;GO:0003674
NODE_183_length_342_cov_1.721190_g178_i0	9595	GO:0008150;GO:0061484;GO:0003723;GO:0007339;GO:0003674;GO:0005515
NODE_184_length_341_cov_0.996269_g179_i0	9986	GO:0008584;GO:0003924;GO:0003677;GO:0070966;GO:0003723;GO:0007165;GO:0000166;GO:0003676;GO:0005515;GO:0005525;GO:0006355
NODE_185_length_339_cov_1.947368_g180_i0	450749	GO:0019430;GO:0005506;GO:0004784;GO:0055114;GO:0016491
NODE_186_length_339_cov_0.740602_g181_i0	9606	GO:1900245;GO:0051151;GO:0006275;GO:0003682;GO:0045787;GO:0003723;GO:0002376;GO:1900087;GO:0001955;GO:0003676;GO:1900246;GO:0005515;GO:0045087;GO:0016032;GO:0042742;GO:0043123
NODE_187_length_338_cov_1.162264_g182_i0	572265	GO:0008233;GO:0006508
NODE_188_length_338_cov_1.162264_g183_i0	766145	GO:0003899;GO:0003677;GO:0001123;GO:2000142;GO:0010468;GO:0016987;GO:0006352;GO:0003700;GO:0006355
NODE_190_length_336_cov_1.463878_g185_i0	9541	GO:0003677;GO:0006471;GO:0006464;GO:0042493;GO:0016740;GO:0006974;GO:0051972;GO:0006954;GO:0016757;GO:0005515;GO:0003950;GO:0006281;GO:0008219;GO:0019899
NODE_191_length_334_cov_1.793103_g186_i0	9606	GO:0008150;GO:0003674
NODE_192_length_333_cov_3.857692_g187_i0	9606	GO:0006614;GO:0003723;GO:0000184;GO:0006413;GO:0006412;GO:0005515
NODE_193_length_333_cov_1.196154_g188_i0	562	GO:0103047;GO:0008152;GO:0008706;GO:0015926;GO:0008422;GO:0004553;GO:0005975;GO:0016798;GO:0016052;GO:0016787
NODE_194_length_333_cov_0.896154_g189_i0	9595	GO:0008233;GO:0044255;GO:0042759;GO:0044267;GO:0003723;GO:0006691;GO:0004301;GO:0019370;GO:0043171;GO:0008237;GO:0004463;GO:0005515;GO:0016787;GO:0006508;GO:0070006;GO:0004177;GO:0043312;GO:0008270;GO:0046872
NODE_195_length_331_cov_3.926357_g190_i0	463191	GO:0016787
NODE_196_length_331_cov_1.651163_g191_i0	9606	GO:0042989;GO:0030334;GO:0003785;GO:0003779;GO:0007015;GO:0005515
NODE_197_length_331_cov_1.205426_g192_i0	981085	GO:0030001;GO:0046873
NODE_198_length_331_cov_1.201550_g193_i0	9595	GO:0003677;GO:0003725;GO:0007275;GO:0003723;GO:0003676;GO:0005515;GO:0008270;GO:0003727
NODE_199_length_329_cov_2.359375_g194_i0	9615	GO:0003735;GO:0002181;GO:0006614;GO:0003723;GO:0000184;GO:0006413;GO:0006412;GO:0005515
NODE_201_length_328_cov_1.223529_g196_i0	9606	GO:0034379;GO:0010742;GO:0008202;GO:0034736;GO:0000062;GO:0016740;GO:0008374;GO:0010878;GO:0008203;GO:0034383;GO:0033344;GO:0016746;GO:0006629;GO:0042986;GO:0034435;GO:0005515;GO:0015485;GO:0042632;GO:0004772
NODE_202_length_325_cov_1.226190_g197_i0	9595	GO:0004473;GO:0072592;GO:0004470;GO:0006099;GO:0055114;GO:0016491;GO:0004471;GO:0008948;GO:0006090;GO:0048037;GO:0051287;GO:0009060;GO:0006108;GO:0046872
NODE_203_length_324_cov_1.243028_g198_i0	479436	GO:0005506;GO:0016226;GO:0051536
NODE_204_length_322_cov_30.048193_g199_i0	9606	GO:0014070;GO:0032981;GO:0042493;GO:0033194;GO:0008137;GO:0003954;GO:0055114;GO:0006120;GO:0016491;GO:0005515;GO:0009060
NODE_205_length_322_cov_2.831325_g200_i0	9606	GO:0008285
NODE_206_length_322_cov_1.253012_g201_i0	9595	GO:0003824;GO:0006396;GO:0005524;GO:0003963;GO:0003723;GO:0000166;GO:0016874
NODE_207_length_321_cov_1.790323_g202_i0	9606	GO:0071157;GO:0061515;GO:0030854;GO:0045660;GO:2000035;GO:0043066
NODE_209_length_320_cov_1.093117_g204_i0	585035	GO:0008033;GO:0050660;GO:0002098
NODE_210_length_320_cov_0.947368_g205_i0	9595	GO:0015031;GO:0042802;GO:0007286;GO:0008333;GO:0007030;GO:0030705;GO:0051959;GO:0008017;GO:0007275;GO:0007283;GO:0031122;GO:1905198;GO:0007040;GO:0003779;GO:0005515;GO:0030154;GO:0045022;GO:0007032
NODE_211_length_318_cov_2.204082_g206_i0	1268978	GO:0008152;GO:0042802;GO:0003677;GO:0007059;GO:0005524;GO:0045893;GO:0051301;GO:0000920;GO:0015616;GO:0016798;GO:0006970;GO:0000166;GO:0043565;GO:0009651;GO:0005515;GO:0016787;GO:0016887;GO:0033676;GO:0043085;GO:0071236;GO:0007049
NODE_212_length_318_cov_1.428571_g207_i0	9606	GO:0032981;GO:0008137;GO:0055114;GO:0006120
NODE_213_length_318_cov_1.351020_g208_i0	9541	GO:0008233;GO:0008092;GO:0051493;GO:0004198;GO:0010666;GO:0071230;GO:0048266;GO:0005509;GO:0008234;GO:0007565;GO:0046982;GO:0032675;GO:0001824;GO:0007520;GO:0042542;GO:0035458;GO:1901741;GO:0051603;GO:0071222;GO:0005515;GO:0016787;GO:0016540;GO:1901216;GO:0001666;GO:2001247;GO:0006508;GO:0046872;GO:0019899
NODE_214_length_318_cov_1.277551_g209_i0	9606	GO:0098869;GO:0016209;GO:0010269
NODE_215_length_317_cov_0.954918_g210_i0	9606	GO:0008284;GO:0036498;GO:0005515;GO:0006613
NODE_216_length_316_cov_4.102881_g211_i0	8469	GO:0051015;GO:0004672;GO:0007507;GO:0019003;GO:0003924;GO:0005216;GO:0008150;GO:0005524;GO:0008144;GO:0005516;GO:0008135;GO:0071364;GO:0051260;GO:0019901;GO:0005267;GO:0000049;GO:0001933;GO:0016740;GO:0017048;GO:0003723;GO:0006414;GO:0051602;GO:0043022;GO:1903427;GO:0055085;GO:0005249;GO:0006409;GO:0010976;GO:0006811;GO:0003729;GO:0006813;GO:0010035;GO:0006412;GO:0003674;GO:0000166;GO:0010942;GO:0003779;GO:0006469;GO:0090218;GO:0071805;GO:0034198;GO:0003746;GO:0043065;GO:0016787;GO:0005515;GO:0051017;GO:0006468;GO:0005525;GO:0051701;GO:1904714;GO:0043312;GO:0016779
NODE_217_length_316_cov_1.275720_g212_i0	243233	GO:0008150;GO:0003674
NODE_218_length_316_cov_1.197531_g213_i0	10090	GO:0015031;GO:0019003;GO:0003924;GO:0009306;GO:0006904;GO:0032869;GO:0030859;GO:0017157;GO:0031489;GO:0098641;GO:0007409;GO:0090150;GO:0016192;GO:0072659;GO:1903361;GO:0045200;GO:0006893;GO:0097051;GO:0098609;GO:0003674;GO:0000166;GO:0016197;GO:0071786;GO:0005515;GO:0006886;GO:0043001;GO:0005525;GO:0051021;GO:0043312;GO:0032482;GO:0019882;GO:0061564;GO:0071236
NODE_219_length_315_cov_1.524793_g214_i0	9606	GO:0016055;GO:0030518;GO:0045893;GO:0003682;GO:0030374;GO:0010628;GO:0000980;GO:1903508;GO:0070016;GO:0007165;GO:0045944;GO:0043565;GO:0003712;GO:0006351;GO:0044212;GO:0008013;GO:0005515;GO:0008022;GO:0003713
NODE_220_length_314_cov_3.385892_g215_i0	9606	GO:0008150;GO:0003674
NODE_221_length_314_cov_0.954357_g216_i0	10090	GO:0008150;GO:0003674
NODE_222_length_313_cov_1.575000_g217_i0	61853	GO:0007166;GO:0070555;GO:0031018;GO:0008360;GO:0090303;GO:0014070;GO:0050709;GO:0043086;GO:0031532;GO:0042063;GO:0046883;GO:0005509;GO:0002685;GO:0045920;GO:0042127;GO:0005102;GO:0030073;GO:0070459;GO:0030850;GO:0018149;GO:0004859;GO:0032355;GO:0048306;GO:0098641;GO:0042493;GO:0005544;GO:0071385;GO:0045629;GO:0032743;GO:0002376;GO:0002548;GO:0007186;GO:1900087;GO:0010165;GO:0006909;GO:0007165;GO:0071621;GO:2000483;GO:0002250;GO:0019834;GO:0030216;GO:0098609;GO:1900138;GO:0051384;GO:0046632;GO:0070365;GO:0043434;GO:0042803;GO:0005543;GO:0006954;GO:0097350;GO:0005198;GO:0031340;GO:0042102;GO:0001780;GO:0044849;GO:0043065;GO:0003697;GO:0050482;GO:0005515;GO:1990814;GO:0045087;GO:0070301;GO:0043066;GO:0033676;GO:0031960;GO:0019221;GO:0032652;GO:0031394;GO:0030674;GO:0035924;GO:0032508;GO:0090050;GO:0033031;GO:0014839;GO:0003727;GO:0045627;GO:0050727;GO:0046872;GO:0009725;GO:0007187
NODE_224_length_313_cov_1.287500_g219_i0	9595	GO:0031625;GO:0003824;GO:0014823;GO:0043279;GO:0006122;GO:0004222;GO:0008121;GO:0055114;GO:0006119;GO:0006508;GO:0044877;GO:0009060;GO:0046872
NODE_225_length_312_cov_1.401674_g220_i0	9606	GO:0003735;GO:0006614;GO:0003723;GO:0000184;GO:0006413;GO:0006412;GO:0005515
NODE_226_length_307_cov_1.102564_g221_i0	9606	GO:0042593;GO:0010469;GO:0030073;GO:0006915;GO:0005125
NODE_227_length_307_cov_0.952991_g222_i0	9598	GO:0032872;GO:0070664;GO:0098869;GO:0071460;GO:0051771;GO:0043651;GO:0043508;GO:0000302;GO:0008144;GO:0008432;GO:0071638;GO:0071364;GO:0007417;GO:0032869;GO:0035731;GO:0010804;GO:0043407;GO:0071672;GO:0019901;GO:0032355;GO:0002674;GO:0033591;GO:0070372;GO:0035732;GO:0070373;GO:0035726;GO:0016740;GO:0071385;GO:0032720;GO:2001237;GO:0009890;GO:0043409;GO:0032930;GO:0031100;GO:0004602;GO:0014003;GO:0035730;GO:0048147;GO:0032873;GO:0006749;GO:0043200;GO:0009636;GO:1904706;GO:0006469;GO:0071222;GO:0032691;GO:0045471;GO:0005515;GO:0043295;GO:0019207;GO:0004364;GO:0006805;GO:0043066;GO:0043312;GO:0043124;GO:1901687;GO:0070026;GO:0031667
NODE_228_length_305_cov_2.547414_g223_i0	10090	GO:0004672;GO:0007507;GO:0003924;GO:0008150;GO:0005524;GO:0008144;GO:0005516;GO:0071364;GO:0016310;GO:0051260;GO:0019901;GO:0016301;GO:0000049;GO:0003723;GO:0006414;GO:1903427;GO:0010976;GO:0003729;GO:0006412;GO:0003674;GO:0000166;GO:0010942;GO:0003746;GO:0005515;GO:0006468;GO:0005525;GO:1904714;GO:0043312
NODE_229_length_305_cov_1.025862_g224_i0	243233	GO:0008150;GO:0003674
NODE_230_length_305_cov_1.004310_g225_i0	9606	GO:0046697;GO:0003677;GO:0008625;GO:0007283;GO:0006915;GO:0042177;GO:0005515;GO:1901837;GO:0042981
NODE_231_length_305_cov_1.000000_g226_i0	9595	GO:0033168;GO:0004521;GO:0021987;GO:0031643;GO:0036404;GO:0048754;GO:0001525;GO:0016075;GO:0030423;GO:0008150;GO:0055013;GO:0006396;GO:0048713;GO:0003677;GO:0005524;GO:0003725;GO:0000122;GO:0048812;GO:0048536;GO:0010660;GO:0031047;GO:0021675;GO:2000630;GO:0048255;GO:0001942;GO:0045589;GO:0070173;GO:0061309;GO:0009791;GO:0010626;GO:0006309;GO:0035116;GO:0010628;GO:0021591;GO:0042487;GO:0003723;GO:0004386;GO:2000736;GO:0008283;GO:0016891;GO:0060576;GO:0035280;GO:0016246;GO:0048565;GO:0030326;GO:0014040;GO:0035195;GO:0051216;GO:0014835;GO:0032290;GO:0035197;GO:0051225;GO:0030422;GO:0045944;GO:0051726;GO:0031054;GO:0030324;GO:0010468;GO:0070883;GO:0004530;GO:0035087;GO:0003674;GO:0048608;GO:0045069;GO:0000166;GO:0008593;GO:0004525;GO:0051607;GO:0045664;GO:0004518;GO:0003676;GO:0035279;GO:0061548;GO:0048856;GO:0031641;GO:0048730;GO:0005515;GO:0016787;GO:0010586;GO:0035264;GO:0031069;GO:0019827;GO:0035198;GO:0021522;GO:0004519;GO:0045595;GO:0010070;GO:0001932;GO:0021889;GO:0051252;GO:0007284;GO:0035196;GO:0090501;GO:0071335;GO:0060253;GO:0050727;GO:0046872;GO:0019904;GO:1990141;GO:0060119;GO:0090502;GO:2000628;GO:0050767
NODE_233_length_304_cov_0.995671_g228_i0	10090	GO:0030036;GO:0045296;GO:0007010;GO:0017048;GO:0030866;GO:0003779;GO:0016043;GO:0022604
NODE_234_length_303_cov_1.752174_g229_i0	8469	GO:0050658;GO:0008584;GO:0016233;GO:0051385;GO:0042802;GO:0048709;GO:0000122;GO:0043047;GO:1990247;GO:0001069;GO:0097157;GO:0051028;GO:1990715;GO:0008380;GO:0003723;GO:0003730;GO:1990428;GO:0035722;GO:0048025;GO:0003729;GO:0030324;GO:0016070;GO:0006397;GO:1905663;GO:0003676;GO:0070182;GO:0005515;GO:0000398;GO:0031053;GO:0035198;GO:0006406;GO:1904358;GO:0098505;GO:0044806
NODE_239_length_299_cov_1.676991_g234_i0	578455	GO:0003677;GO:0006351;GO:0008270
NODE_240_length_299_cov_1.380531_g235_i0	226230	GO:0043457
NODE_241_length_299_cov_1.327434_g236_i0	9541	GO:0006869;GO:0008202;GO:0034384;GO:0045296;GO:0003723;GO:0008203;GO:0006629;GO:0003676;GO:0005515;GO:0008289
NODE_242_length_298_cov_11.648889_g237_i0	8090	GO:0003676
NODE_243_length_298_cov_2.240000_g238_i0	9595	GO:0032981;GO:0055114
NODE_244_length_297_cov_1.040179_g239_i0	9606	GO:0030335;GO:0019903;GO:0045217;GO:0021772;GO:0004672;GO:0071345;GO:0008285;GO:0008360;GO:0036006;GO:0005524;GO:0007169;GO:0019955;GO:0060603;GO:0016310;GO:0030316;GO:2000147;GO:0071902;GO:0004888;GO:0004714;GO:0031529;GO:0021879;GO:0016301;GO:0061098;GO:0007275;GO:0016740;GO:0048015;GO:0002376;GO:0042531;GO:0008283;GO:0005011;GO:0008284;GO:0009968;GO:0007165;GO:0046777;GO:0046488;GO:0000166;GO:0018108;GO:0042803;GO:0006954;GO:0004713;GO:0005515;GO:0045124;GO:0045087;GO:0038145;GO:0007411;GO:0030154;GO:0006468;GO:0043066;GO:2000249;GO:0019221;GO:0090197;GO:0030225;GO:0001934;GO:0030097;GO:0070374;GO:0030224
NODE_245_length_296_cov_2.421525_g240_i0	9606	GO:0043312
NODE_246_length_296_cov_1.372197_g241_i0	61853	GO:0010744;GO:0010886;GO:0006911;GO:0005044;GO:0006898;GO:0097242;GO:0034381;GO:0030301;GO:0005515;GO:0010629;GO:0006897;GO:0042953;GO:0001540;GO:0030169
NODE_247_length_296_cov_1.201794_g242_i0	9606	GO:0046718;GO:0090160;GO:0008626;GO:1902513;GO:0048102;GO:0001618;GO:0050821;GO:0072594;GO:0045954;GO:0005515;GO:0016032;GO:0043323;GO:0043312;GO:0019904;GO:0019899
NODE_248_length_296_cov_1.049327_g243_i0	10116	GO:0051015;GO:0034021;GO:0030041;GO:0090314;GO:2000251;GO:0035254;GO:0071364;GO:0071933;GO:0014911;GO:0051491;GO:1905926;GO:0030833;GO:0034314;GO:0072752;GO:0035650;GO:0071803;GO:0036120;GO:0003779;GO:0005515;GO:0070301;GO:0070528;GO:0010592;GO:0051117;GO:1990090;GO:0044877;GO:0019894;GO:0005200;GO:2000814
NODE_249_length_296_cov_1.031390_g244_i0	9595	GO:0030350;GO:0010040;GO:0009791;GO:0008198;GO:0003723;GO:0006099;GO:0016829;GO:0051538;GO:0051536;GO:0050892;GO:0010468;GO:0003994;GO:0006101;GO:0006879;GO:0005515;GO:0051539;GO:0006417;GO:0046872
NODE_250_length_294_cov_1.723982_g245_i0	9606	GO:0042593;GO:0006006;GO:0005524;GO:0003725;GO:0016740;GO:0003723;GO:0002376;GO:0045071;GO:0006955;GO:0060333;GO:0060700;GO:0000166;GO:0051607;GO:0009615;GO:0060337;GO:0005515;GO:0035457;GO:0045087;GO:0001730;GO:0016779;GO:0046872
NODE_251_length_294_cov_1.633484_g246_i0	9606	GO:0005515;GO:1990830
NODE_252_length_294_cov_0.882353_g247_i0	9606	GO:0008150;GO:0016567;GO:0003674;GO:0005515
NODE_253_length_293_cov_1.404545_g248_i0	754307	GO:0008152;GO:0003824;GO:0006099;GO:0016829;GO:0006979;GO:0006106;GO:0055114;GO:0016491;GO:0004333;GO:0006108
NODE_254_length_293_cov_1.359091_g249_i0	9595	GO:0006874;GO:0005509;GO:0003723;GO:0007283;GO:2000384;GO:0006457;GO:1902230;GO:0051082;GO:0009615;GO:0008134;GO:0005515;GO:0043066;GO:0006816;GO:0019827;GO:0042981
NODE_256_length_289_cov_1.648148_g251_i0	9601	GO:0009749;GO:0042802;GO:0003824;GO:0000287;GO:0005524;GO:0030145;GO:0019706;GO:0009267;GO:0004356;GO:0051260;GO:0051968;GO:0008652;GO:0016829;GO:0008283;GO:0000166;GO:0016874;GO:0005515;GO:0006538;GO:0045503;GO:0006536;GO:0032024;GO:0006542;GO:0006807;GO:0001504;GO:0019676;GO:0016595;GO:0050679
NODE_257_length_288_cov_1.432558_g252_i0	9595	GO:0008150;GO:0045815;GO:0005524;GO:0016310;GO:0006338;GO:0016301;GO:0016740;GO:0035173;GO:0006974;GO:0016572;GO:0042393;GO:0006333;GO:0003674;GO:0000166;GO:0018108;GO:0004715;GO:0004713;GO:0005515;GO:0006357;GO:0008270;GO:0046872
NODE_258_length_288_cov_1.093023_g253_i0	9606	GO:0006986;GO:0007283
NODE_259_length_287_cov_16.901869_g254_i0	932676	GO:0015031;GO:0071916;GO:0055085;GO:0035442;GO:0015833
NODE_260_length_287_cov_1.799065_g255_i0	9541	GO:0002183;GO:0008150;GO:0003723;GO:0003743;GO:0006413;GO:0006412;GO:0003674;GO:0008237;GO:0005515;GO:0006508;GO:0006446;GO:0001732
NODE_261_length_286_cov_3.173709_g256_i0	8030	GO:0003735;GO:0006412
NODE_262_length_285_cov_3.094340_g257_i0	655827	GO:0030145;GO:0016787;GO:0006508;GO:0004177;GO:0046872
NODE_263_length_285_cov_1.141509_g258_i0	227377	GO:0008150;GO:0003674
NODE_264_length_285_cov_1.103774_g259_i0	9606	GO:0043687;GO:0016567;GO:0022008;GO:0007517;GO:0005515;GO:0043393;GO:0030154
NODE_268_length_283_cov_2.219048_g263_i0	479436	GO:0009405
NODE_269_length_283_cov_1.480952_g264_i0	77133	GO:0016740;GO:0008811
NODE_270_length_282_cov_15.095694_g265_i0	1150469	GO:0016740
NODE_271_length_282_cov_1.033493_g266_i0	9595	GO:0006094;GO:0003824;GO:0006107;GO:0005975;GO:0030060;GO:0003723;GO:0006099;GO:0046554;GO:0016615;GO:0055114;GO:0016491;GO:0042803;GO:0043621;GO:0006734;GO:0016616;GO:0006475;GO:0009060;GO:0006108;GO:0019752
NODE_272_length_281_cov_3.418269_g267_i0	9595	GO:0042605;GO:0002504;GO:0019886;GO:0032395;GO:0032729;GO:0002376;GO:0050870;GO:0006955;GO:0060333;GO:0042102;GO:0019882;GO:0050852
NODE_273_length_281_cov_1.125000_g268_i0	9913	GO:0019901;GO:0017048;GO:0030866;GO:0022604
NODE_274_length_280_cov_1.801932_g269_i0	10090	GO:0048027;GO:0034644;GO:1904803;GO:0003735;GO:0042273;GO:0002181;GO:0006364;GO:0071480;GO:1990928;GO:0007634;GO:0006614;GO:0003723;GO:0055085;GO:0060059;GO:0000184;GO:0006413;GO:0006412;GO:0045727;GO:0003674;GO:1902164;GO:0005515;GO:1902167;GO:0046872;GO:0006977
NODE_275_length_280_cov_1.294686_g270_i0	10090	GO:0015031;GO:0006895;GO:0003674;GO:0007029
NODE_276_length_279_cov_2.271845_g271_i0	10090	GO:0051443;GO:0003735;GO:0006364;GO:0071353;GO:0045296;GO:0006614;GO:0003723;GO:0000028;GO:0001731;GO:0003729;GO:0000184;GO:0006413;GO:0006412;GO:0045471;GO:0005515;GO:0017134;GO:0044877;GO:0019899
NODE_278_length_279_cov_1.330097_g273_i0	9940	GO:0003735;GO:0002181;GO:0008150;GO:0042254;GO:0071353;GO:0019901;GO:0006614;GO:0003723;GO:0010269;GO:0035722;GO:0043022;GO:0000184;GO:0000027;GO:0006413;GO:0006412;GO:0033674;GO:0007595;GO:0003674;GO:1904628;GO:0045859;GO:0005515;GO:0042277;GO:0070180;GO:1904401;GO:0071320;GO:0019887;GO:0006417
NODE_279_length_279_cov_1.131068_g274_i0	81824	GO:0003924;GO:0006414;GO:0003746;GO:0005525
NODE_281_length_276_cov_1.911330_g276_i0	83333	GO:0007155;GO:0005524
NODE_282_length_275_cov_2.445545_g277_i0	9606	GO:0003735;GO:0006412
NODE_284_length_275_cov_0.846535_g279_i0	9544	GO:0000413;GO:0010923;GO:0016853;GO:0003779;GO:0005515;GO:0003755;GO:0006897
NODE_285_length_274_cov_3.691542_g280_i0	9541	GO:1905573;GO:0019216;GO:0007193;GO:0060736;GO:0060742;GO:1905576;GO:1905574;GO:0004565;GO:0048589;GO:0006665;GO:0006629;GO:1905577;GO:0042803;GO:0005543;GO:1903206;GO:0071310;GO:0043408;GO:0001664;GO:1905575;GO:1905572;GO:0043410
NODE_286_length_274_cov_1.681592_g281_i0	479436	GO:0016310;GO:0016301;GO:0016740;GO:0015969;GO:0008728
NODE_287_length_274_cov_1.288557_g282_i0	9601	GO:0001525;GO:0006436;GO:0006418;GO:0004812;GO:0005524;GO:0004830;GO:0006412;GO:0000166;GO:0016874
NODE_288_length_273_cov_1.265000_g283_i0	9595	GO:0043392;GO:0003677;GO:0045893;GO:0000122;GO:0034340;GO:1902044;GO:0045765;GO:0006978;GO:0046983;GO:0010596;GO:0000723;GO:0043433;GO:0060333;GO:0070087;GO:0051271;GO:0060337;GO:0000981;GO:0005515;GO:0046826;GO:0016032;GO:1902041;GO:0045185;GO:0034341;GO:0019900;GO:0046872;GO:0019904
NODE_289_length_272_cov_2.251256_g284_i0	8469	GO:0006096;GO:0003735;GO:0004332;GO:0002181;GO:0045296;GO:0006614;GO:0003723;GO:0000184;GO:0006413;GO:0006412;GO:0016787;GO:0005515
NODE_290_length_272_cov_1.306533_g285_i0	9606	GO:0071286;GO:0006002;GO:0008152;GO:0042802;GO:0016208;GO:0006094;GO:0003824;GO:0000122;GO:0005975;GO:0006000;GO:0030388;GO:0006111;GO:0046580;GO:0042132;GO:0016791;GO:0030308;GO:0042578;GO:0005986;GO:0035690;GO:0016787;GO:0005515;GO:0048029;GO:0051289;GO:0045820;GO:0016311;GO:0046872
NODE_291_length_271_cov_43.181818_g286_i0	9541	GO:0005272;GO:0006814;GO:0006811;GO:0035725
NODE_292_length_271_cov_10.429293_g287_i0	83333	GO:0003677;GO:0090305;GO:0032067;GO:0015666;GO:0004519;GO:0009307;GO:0051599
NODE_293_length_270_cov_4.705539_g288_i0	9606	GO:0048146;GO:0015075;GO:0005509;GO:0034220;GO:0048306;GO:0007409;GO:0044548;GO:0007165;GO:0042803;GO:0005515;GO:0005523;GO:0008270;GO:0046872
NODE_294_length_269_cov_1.576531_g289_i0	574521	GO:0003677
NODE_295_length_268_cov_1.958974_g290_i0	9595	GO:0007420;GO:0003735;GO:0045773;GO:0050772;GO:0006614;GO:0003723;GO:0003360;GO:0000184;GO:0006413;GO:0006412;GO:0071417;GO:0008097;GO:0005515;GO:0030154
NODE_296_length_268_cov_1.323077_g291_i0	167879	GO:0008150;GO:0003674
NODE_297_length_266_cov_1.357513_g292_i0	9606	GO:0051015;GO:0060327;GO:0006930;GO:0045773;GO:0048812;GO:2000114;GO:0045296;GO:0007409;GO:0007275;GO:2001222;GO:2001224;GO:0038007;GO:0007265;GO:0061163;GO:0005515;GO:0061573;GO:0032488;GO:0019894
NODE_298_length_266_cov_1.202073_g293_i0	905067	GO:0015415;GO:0006817;GO:0005524;GO:0005315;GO:0099133;GO:0000166;GO:0035435;GO:0016787;GO:0016887
NODE_299_length_265_cov_3.182292_g294_i0	9544	GO:0016538;GO:0004672;GO:0000278;GO:0007088;GO:0000079;GO:0019901;GO:0045787;GO:0007283;GO:0008284;GO:0051726;GO:0006468
NODE_300_length_265_cov_1.208333_g295_i0	9606	GO:0005515
NODE_301_length_264_cov_2.439791_g296_i0	981085	GO:0030001;GO:0046873
NODE_302_length_264_cov_1.607330_g297_i0	483908	GO:0016787
NODE_303_length_264_cov_1.502618_g298_i0	1207055	GO:0015920;GO:0010033;GO:0061024;GO:0043165
NODE_304_length_264_cov_1.235602_g299_i0	456482	GO:0004747;GO:0008686;GO:0016310;GO:0016301;GO:0046835;GO:0016740;GO:0009231;GO:0016829;GO:0016853;GO:0046872
NODE_305_length_263_cov_4.821053_g300_i0	9986	GO:0003735;GO:0003924;GO:0008150;GO:0003677;GO:0005509;GO:0006614;GO:0003723;GO:0007165;GO:0000184;GO:0007005;GO:0006915;GO:0006413;GO:0006412;GO:0003674;GO:0000166;GO:0005515;GO:0005525
NODE_306_length_263_cov_4.052632_g301_i0	7668	GO:0003924;GO:0006886;GO:0005525;GO:0032482
NODE_308_length_263_cov_1.626316_g303_i0	9606	GO:0000278;GO:0051301;GO:0042127;GO:0019901;GO:0006915;GO:0008637;GO:0000281;GO:0045860;GO:0007049
NODE_309_length_262_cov_3.846561_g304_i0	316055	GO:0008237;GO:0006508
NODE_311_length_262_cov_1.407407_g306_i0	450749	GO:0051537;GO:0003824;GO:0005506;GO:0016740;GO:0051536;GO:0009102;GO:0004076;GO:0051539;GO:0046872
NODE_312_length_262_cov_1.227513_g307_i0	13616	GO:1900271;GO:0045947;GO:0017148;GO:0008143;GO:0003723;GO:0007283;GO:0000900;GO:0003729;GO:0030371;GO:0003676;GO:0007613;GO:0005515;GO:0008270;GO:0006417
NODE_313_length_261_cov_1.489362_g308_i0	10090	GO:0008150;GO:0003674
NODE_314_length_261_cov_1.313830_g309_i0	717774	GO:0003824;GO:0009236;GO:0051116;GO:0009058;GO:0016874;GO:0031177
NODE_315_length_260_cov_2.417112_g310_i0	10090	GO:0031625;GO:0044183;GO:0009408;GO:0043531;GO:1903842;GO:0006606;GO:0005524;GO:0051087;GO:0097214;GO:1904764;GO:0098880;GO:0055131;GO:0009267;GO:0005102;GO:0061740;GO:0045892;GO:1990833;GO:0010628;GO:1904593;GO:0045296;GO:0043624;GO:0008380;GO:0040036;GO:0003723;GO:0006986;GO:0031072;GO:0016192;GO:0050766;GO:0051787;GO:0061635;GO:0016191;GO:0031101;GO:0061024;GO:0042623;GO:0031647;GO:0061077;GO:0006457;GO:0046777;GO:0046686;GO:0051726;GO:0000166;GO:0044788;GO:0006397;GO:0008088;GO:0043254;GO:0046688;GO:0034605;GO:1902904;GO:1900034;GO:0051082;GO:0008134;GO:0048260;GO:0061684;GO:0042026;GO:0010667;GO:0048568;GO:0005515;GO:1904589;GO:0072318;GO:0001786;GO:0016887;GO:0007369;GO:0000398;GO:0045862;GO:0061741;GO:0042277;GO:0016032;GO:0031686;GO:0023026;GO:1902946;GO:0001664;GO:1904592;GO:0001916;GO:0019221;GO:1990832;GO:0061738;GO:0046034;GO:0030674;GO:0051085;GO:0034620;GO:0009792;GO:0099175;GO:0044829;GO:0043312;GO:0043488;GO:0043085;GO:0051219;GO:0048026;GO:0019899
NODE_316_length_258_cov_1.675676_g311_i0	562	GO:0045226;GO:0016740;GO:0016829;GO:0016853;GO:0008460;GO:0009246;GO:0009103;GO:0009225
NODE_317_length_257_cov_19.815217_g312_i0	226230	GO:0043457;GO:0003674
NODE_318_length_257_cov_1.690217_g313_i0	981085	GO:0003924;GO:0042256;GO:0030001;GO:0046873;GO:0006414;GO:0003746;GO:0005525
NODE_319_length_257_cov_0.858696_g314_i0	28377	GO:0003677;GO:0045893;GO:0001077;GO:0042789;GO:0000978;GO:0045944;GO:0043565;GO:0008134;GO:0000981;GO:0005515;GO:0000987;GO:0003700;GO:0008022;GO:0006355;GO:0006357
NODE_321_length_256_cov_1.043716_g316_i0	9606	GO:0007166;GO:1901741;GO:0007165;GO:0005515;GO:0043312
NODE_322_length_255_cov_3.340659_g317_i0	9595	GO:0007596;GO:0045916;GO:0042730;GO:0010466;GO:0006958;GO:0004867;GO:0030449;GO:0010951;GO:0030193;GO:0002576;GO:0002376;GO:0007597;GO:0007568;GO:0001869;GO:0005515;GO:0045087;GO:0007599;GO:0030414;GO:0008015
NODE_323_length_255_cov_1.697802_g318_i0	9595	GO:0008233;GO:0010466;GO:0042802;GO:0003677;GO:0004867;GO:0043687;GO:0010951;GO:0008236;GO:0044267;GO:0002576;GO:0007186;GO:0046914;GO:0008201;GO:0005515;GO:0016787;GO:0030414;GO:0006508;GO:0004252;GO:0046872
NODE_324_length_255_cov_1.263736_g319_i0	10141	GO:0003735;GO:0006364;GO:0030218;GO:0006614;GO:0003723;GO:0000184;GO:0006413;GO:0006412;GO:0005515
NODE_325_length_254_cov_2.524862_g320_i0	9606	GO:0003677;GO:0006974;GO:0030889;GO:0050853;GO:0043065;GO:0005515;GO:0043312;GO:0006968
NODE_326_length_254_cov_1.508287_g321_i0	981085	GO:0000287;GO:0015977;GO:0016984
NODE_327_length_253_cov_2.211111_g322_i0	9606	GO:0071157;GO:0061515;GO:0030854;GO:0045660;GO:2000035;GO:0043066
NODE_329_length_253_cov_1.294444_g324_i0	9595	GO:0000209;GO:0016740;GO:0016567;GO:0006511;GO:0004842;GO:0016874;GO:0005515;GO:0061631
NODE_330_length_253_cov_1.166667_g325_i0	9544	GO:0005085;GO:0007264;GO:0005088;GO:0043547
NODE_331_length_253_cov_0.866667_g326_i0	9913	GO:0030423;GO:0006396;GO:0005524;GO:0031047;GO:0006309;GO:0003723;GO:0004386;GO:0016891;GO:0030422;GO:0031054;GO:0004530;GO:0000166;GO:0004525;GO:0004518;GO:0003676;GO:0016787;GO:0004519;GO:0090501;GO:0046872;GO:0090502
NODE_332_length_253_cov_0.866667_g327_i0	10090	GO:0008233;GO:1903955;GO:0008536;GO:0000209;GO:0071456;GO:0043171;GO:0008237;GO:0016787;GO:0042277;GO:0006886;GO:0006508;GO:0070006;GO:0004177;GO:0008270;GO:0046872
NODE_333_length_253_cov_0.866667_g328_i0	9595	GO:0006478;GO:0016740;GO:0008476;GO:0042803;GO:0050427
NODE_334_length_252_cov_564.033520_g329_i0	8364	GO:0004672;GO:0005524;GO:0004674;GO:0000166;GO:0006468
NODE_335_length_252_cov_1.737430_g330_i0	1182680	GO:0003677;GO:0006351;GO:0006355
NODE_336_length_252_cov_1.698324_g331_i0	9595	GO:0021766;GO:0001755;GO:0048598;GO:0008150;GO:0007399;GO:0003677;GO:0048023;GO:0000122;GO:1902748;GO:0070412;GO:0007417;GO:0021846;GO:0001756;GO:0050772;GO:0001843;GO:0045636;GO:0097324;GO:0019208;GO:0030177;GO:1903056;GO:0001227;GO:0045944;GO:0003674;GO:0043565;GO:0043507;GO:0003676;GO:0000981;GO:0048066;GO:0005515;GO:0061373;GO:0021540;GO:0021957;GO:0001205;GO:0048668;GO:0046872
NODE_338_length_252_cov_1.424581_g333_i0	1204343	GO:0009082;GO:0008652;GO:0003861;GO:0016829;GO:0051536;GO:0016853;GO:0009098;GO:0051539;GO:0046872
NODE_339_length_252_cov_1.290503_g334_i0	9595	GO:0008104;GO:0008150;GO:0005524;GO:0003723;GO:0004386;GO:0003674;GO:0000166;GO:0003676;GO:0005515;GO:0016787;GO:0000398;GO:0042981
NODE_340_length_252_cov_1.111732_g335_i0	9541	GO:0043547;GO:0071889;GO:0017137;GO:0042803;GO:0005096;GO:0005515;GO:0090630;GO:0006886;GO:1902017
NODE_341_length_252_cov_1.111732_g336_i0	7998	GO:0003735;GO:0006412
NODE_342_length_252_cov_0.865922_g337_i0	290338	GO:0003677;GO:0006525;GO:0051259;GO:0034618;GO:0008652;GO:0006526;GO:0003700;GO:0006355
NODE_343_length_251_cov_1.539326_g338_i0	10090	GO:0008150;GO:0003674
NODE_344_length_251_cov_1.292135_g339_i0	9606	GO:0052689;GO:0018738;GO:0016787;GO:0046294
NODE_345_length_251_cov_0.876404_g340_i0	562	GO:0003677;GO:0006351;GO:0003700;GO:0006355
NODE_346_length_251_cov_0.870787_g341_i0	562	GO:0008233;GO:0003677;GO:0005524;GO:0006270;GO:0006508
NODE_347_length_251_cov_0.870787_g342_i0	9606	GO:0048008;GO:0033327;GO:0008210;GO:0008585;GO:0060325;GO:0006661;GO:0009791;GO:0051898;GO:0031529;GO:0007283;GO:0060021;GO:0030165;GO:0048705;GO:0045184;GO:0008209;GO:0014065;GO:0043325;GO:0050853;GO:0001553;GO:0005515;GO:0070301;GO:0035264;GO:0008289
NODE_349_length_250_cov_1.757062_g344_i0	768727	GO:0003824;GO:0005975;GO:0016740;GO:0016829;GO:0016746;GO:0008861
NODE_350_length_250_cov_0.881356_g345_i0	1316254	GO:0003824;GO:0005975;GO:0016740;GO:0016829;GO:0016746;GO:0008861
NODE_351_length_250_cov_0.881356_g346_i0	9606	GO:0021766;GO:0007420;GO:0007028;GO:0042802;GO:0005524;GO:0099609;GO:1990048;GO:0008432;GO:0035774;GO:1990049;GO:1903078;GO:0035617;GO:0008017;GO:0045296;GO:0051642;GO:0072383;GO:0071346;GO:0043268;GO:1905152;GO:0099641;GO:0000166;GO:0042391;GO:0031340;GO:0090316;GO:0005515;GO:0016887;GO:0032230;GO:0003777;GO:0047496;GO:0007018
NODE_352_length_250_cov_0.881356_g347_i0	9483	GO:0016740;GO:0032259;GO:0002946;GO:0008168;GO:0016428
NODE_353_length_250_cov_0.875706_g348_i0	10090	GO:0051015;GO:0030335;GO:1901017;GO:0030274;GO:0044237;GO:0008307;GO:1901224;GO:0015031;GO:0048549;GO:0030036;GO:0007507;GO:0042802;GO:0008092;GO:0030375;GO:0007155;GO:0055013;GO:0030050;GO:0030168;GO:0003725;GO:0051272;GO:0033209;GO:0030507;GO:0048041;GO:0032029;GO:0000165;GO:1903506;GO:0048384;GO:0007030;GO:0005088;GO:0005509;GO:0043267;GO:0030049;GO:0046983;GO:0002576;GO:0009086;GO:0001654;GO:0042974;GO:0030374;GO:0030239;GO:0016740;GO:0003723;GO:2001259;GO:0099186;GO:1903508;GO:0043495;GO:2000009;GO:0072659;GO:0086097;GO:0048741;GO:0030035;GO:0044325;GO:0034452;GO:0031419;GO:0008705;GO:0005178;GO:1901018;GO:0032259;GO:0051234;GO:0099173;GO:1900025;GO:0043268;GO:0070080;GO:0000977;GO:0051373;GO:0051695;GO:0001882;GO:0030220;GO:0046928;GO:0042391;GO:0045214;GO:0043462;GO:0017166;GO:0042803;GO:1902396;GO:0003779;GO:0051393;GO:0031432;GO:0070527;GO:0051271;GO:0047485;GO:0008168;GO:0031490;GO:0007015;GO:0005515;GO:0035357;GO:0051017;GO:0030865;GO:0051289;GO:2001137;GO:0006936;GO:0005546;GO:0001666;GO:0070830;GO:0032417;GO:0007041;GO:0030674;GO:0051764;GO:0044877;GO:0036344;GO:0005523;GO:0042558;GO:0051219;GO:0045505;GO:0051639;GO:0019894;GO:0035257;GO:0046872;GO:0003713;GO:0019904;GO:0042981
NODE_354_length_250_cov_0.875706_g349_i0	61853	GO:0009116;GO:0006218;GO:0003824;GO:0009166;GO:0006139;GO:0016740;GO:0016763;GO:0042149;GO:0006220;GO:0046135;GO:0044206;GO:0046108;GO:0004850;GO:0016757;GO:0043097
NODE_356_length_250_cov_0.875706_g351_i0	13616	GO:0015914;GO:1990050
NODE_357_length_250_cov_0.870056_g352_i0	9595	GO:0004672;GO:0008150;GO:0005524;GO:0005506;GO:0000302;GO:0031491;GO:0016310;GO:2000331;GO:0032981;GO:0016301;GO:0016740;GO:0048038;GO:0055085;GO:0051536;GO:0008340;GO:0050136;GO:0016655;GO:0008137;GO:0003954;GO:0015990;GO:0055114;GO:0006120;GO:0016491;GO:0006325;GO:0002121;GO:0005515;GO:0051539;GO:0006468;GO:0008270;GO:0030976;GO:0002020;GO:0006281;GO:0016779;GO:0009060;GO:0046872
NODE_359_length_249_cov_1.772727_g354_i0	9606	GO:0097091;GO:0008150;GO:0048790;GO:0005509;GO:0030073;GO:0017157;GO:0007010;GO:0005544;GO:0007416;GO:0016079;GO:0005522;GO:0099526;GO:0001222;GO:0019933;GO:0035418;GO:0098882;GO:0005515;GO:0016080;GO:0046872
NODE_360_length_249_cov_0.886364_g355_i0	9595	GO:0008233;GO:0000973;GO:0015031;GO:0006606;GO:0003677;GO:0006913;GO:0006260;GO:0051028;GO:0008236;GO:0051292;GO:0034398;GO:0008139;GO:0005215;GO:0003723;GO:0006405;GO:1903508;GO:1990841;GO:0003729;GO:0006999;GO:0043565;GO:0016787;GO:0005515;GO:0042277;GO:0016032;GO:0006508;GO:0017056;GO:0006406;GO:0006355;GO:0048026;GO:0003713
NODE_361_length_249_cov_0.886364_g356_i0	83333	GO:0006974
NODE_362_length_249_cov_0.880682_g357_i0	9606	GO:0034453;GO:0008017;GO:0005515
NODE_363_length_249_cov_0.880682_g358_i0	10141	GO:0071044;GO:0097428;GO:0016740;GO:0003723;GO:1990074;GO:0051536;GO:0050265;GO:0010526;GO:0031054;GO:0003676;GO:0005198;GO:0031123;GO:0005515;GO:0010586;GO:0071076;GO:0001556;GO:0035198;GO:0000289;GO:0008270;GO:0070569;GO:0016779;GO:0046872
NODE_364_length_249_cov_0.863636_g359_i0	9598	GO:0043392;GO:0097202;GO:0000122;GO:0010506;GO:0001078;GO:0003690;GO:0045892;GO:0032731;GO:0042771;GO:0042149;GO:0045071;GO:0000978;GO:0071479;GO:0045944;GO:0072332;GO:0051607;GO:0008134;GO:0002218;GO:2000117;GO:0045824;GO:0040029;GO:0030224
NODE_365_length_248_cov_1.577143_g360_i0	7220	GO:0102953;GO:0016740;GO:0036374;GO:0006751;GO:0016746;GO:0103068;GO:0006508
NODE_366_length_248_cov_0.885714_g361_i0	883156	GO:0003735;GO:0003723;GO:0019843;GO:0006412
NODE_367_length_248_cov_0.880000_g362_i0	9606	GO:0010466;GO:2000675;GO:0045296;GO:0003723;GO:0097340;GO:0010859;GO:0005515;GO:0004869;GO:1990709;GO:0030414;GO:0004866;GO:0002020
NODE_368_length_248_cov_0.874286_g363_i0	9606	GO:0008150;GO:0005524;GO:0003674;GO:0000166
NODE_369_length_247_cov_1.402299_g364_i0	9031	GO:0005215;GO:0055085;GO:0006811;GO:0015125;GO:0015347;GO:0043252;GO:0015721
NODE_370_length_247_cov_0.885057_g365_i0	1144315	GO:0005506;GO:0016705;GO:0010181;GO:0055114;GO:0016491;GO:0070330;GO:0003958;GO:0020037;GO:0046872
NODE_371_length_247_cov_0.879310_g366_i0	10181	GO:0015031;GO:0006892;GO:0006887;GO:0005515;GO:0043312;GO:0006897;GO:0019904
NODE_373_length_247_cov_0.867816_g368_i0	9595	GO:0003735;GO:0070126;GO:0003723;GO:0006412;GO:0070125
NODE_374_length_246_cov_0.901734_g369_i0	9595	GO:0004521;GO:0003723;GO:0004518;GO:0016787;GO:0005515;GO:0004519;GO:0008270;GO:0003727;GO:0046872;GO:0090502
NODE_375_length_246_cov_0.901734_g370_i0	10090	GO:0042802;GO:0000165;GO:0002091;GO:0061630;GO:0008139;GO:0016740;GO:0016567;GO:0034063;GO:0009968;GO:0004842;GO:0003676;GO:0007265;GO:0005515;GO:0008022;GO:0033962;GO:0008270;GO:0005154;GO:0046872
NODE_376_length_246_cov_0.901734_g371_i0	8839	GO:0071963;GO:0007111;GO:0031625;GO:0035148;GO:0072144;GO:0050998;GO:0032091;GO:0004672;GO:0050807;GO:0021762;GO:0098529;GO:0030036;GO:0007507;GO:0042802;GO:0003824;GO:0048364;GO:0048545;GO:0043531;GO:0060303;GO:0009306;GO:0030240;GO:0001300;GO:1903475;GO:0045815;GO:0005524;GO:0032507;GO:0071689;GO:0048767;GO:0055008;GO:0045893;GO:0048870;GO:0043044;GO:0006935;GO:0098974;GO:0000902;GO:0001895;GO:0051591;GO:0035050;GO:0006913;GO:0051301;GO:0007291;GO:0002119;GO:0000916;GO:0000079;GO:0016310;GO:0006338;GO:0030049;GO:0043486;GO:0003272;GO:1903076;GO:0019901;GO:0003203;GO:0042493;GO:0016301;GO:0010628;GO:0007010;GO:0000980;GO:0016740;GO:0030957;GO:0009416;GO:0016192;GO:0098973;GO:0004402;GO:0051276;GO:0048741;GO:0061024;GO:0030536;GO:0005522;GO:0038096;GO:0017022;GO:0030048;GO:0070252;GO:0071346;GO:0032259;GO:0006909;GO:0009611;GO:0000978;GO:0003908;GO:0034599;GO:0055003;GO:0009733;GO:0031032;GO:0010226;GO:0030866;GO:0072749;GO:0022898;GO:0000166;GO:0018108;GO:0071417;GO:0051623;GO:0004715;GO:0045214;GO:0016573;GO:0014866;GO:0040011;GO:0070527;GO:0009615;GO:0031492;GO:0010053;GO:0008217;GO:0034329;GO:1904000;GO:0045471;GO:0004713;GO:0005515;GO:0060048;GO:0016579;GO:0042331;GO:0016887;GO:0009991;GO:0009612;GO:0006936;GO:0048013;GO:0006468;GO:0043066;GO:0030033;GO:0008015;GO:0030010;GO:0014829;GO:0060047;GO:0017056;GO:0036302;GO:0033275;GO:0009792;GO:0006972;GO:0000281;GO:0006897;GO:0000011;GO:0030476;GO:0048488;GO:0006281;GO:0009845;GO:0019894;GO:0005200;GO:0051621;GO:0043503;GO:0090131
NODE_377_length_246_cov_0.890173_g372_i0	10181	GO:0019706;GO:0001942;GO:0018230;GO:0016740;GO:0018345;GO:0016409;GO:0006612;GO:0016746;GO:0048733;GO:0050999
NODE_379_length_245_cov_1.784884_g374_i0	9606	GO:0046976;GO:0045893;GO:0045892;GO:0016740;GO:0032259;GO:0018024;GO:0051568;GO:0042800;GO:0006325;GO:0016571;GO:2001255;GO:0008168;GO:0005515;GO:0070734;GO:0034968;GO:0046872;GO:0003713
NODE_380_length_245_cov_1.755814_g375_i0	59463	GO:0015909;GO:0019915
NODE_381_length_245_cov_1.325581_g376_i0	9595	GO:0004896;GO:0007160;GO:0007155;GO:0005518;GO:0033138;GO:0050900;GO:2000392;GO:0050731;GO:0043154;GO:0004888;GO:0043518;GO:0005540;GO:0051216;GO:1900625;GO:0060333;GO:0070487;GO:0022617;GO:0030198;GO:1902166;GO:0098609;GO:0044319;GO:0006954;GO:0005515;GO:0034116;GO:0043066;GO:0019221;GO:0030214;GO:0043312;GO:0044344;GO:0070374
NODE_382_length_245_cov_1.215116_g377_i0	7091	GO:0007111;GO:0031625;GO:0035148;GO:0072144;GO:0050998;GO:0032091;GO:0021762;GO:0030036;GO:0042802;GO:0048545;GO:0043531;GO:0009306;GO:0008150;GO:0001300;GO:0030240;GO:0045815;GO:0005524;GO:0032507;GO:0071689;GO:0055008;GO:0045893;GO:0048870;GO:0043044;GO:0098974;GO:0001895;GO:0035050;GO:0007291;GO:0000916;GO:0000079;GO:0006338;GO:0030049;GO:0043486;GO:0003272;GO:1903076;GO:0019901;GO:0002576;GO:0003203;GO:0042493;GO:0010628;GO:0007010;GO:0000980;GO:0030957;GO:0098973;GO:0004402;GO:0048741;GO:0061024;GO:0005522;GO:0038096;GO:0017022;GO:0030048;GO:0070252;GO:0071346;GO:0000978;GO:0034599;GO:0055003;GO:0031032;GO:0010226;GO:0030866;GO:0003674;GO:0072749;GO:0022898;GO:0000166;GO:0071417;GO:0051623;GO:0045214;GO:0016573;GO:0014866;GO:0040011;GO:0070527;GO:0009615;GO:0031492;GO:0008217;GO:0034329;GO:0045471;GO:0005515;GO:0060048;GO:0016579;GO:0016887;GO:0009991;GO:0009612;GO:0006936;GO:0048013;GO:0043066;GO:0008015;GO:0030010;GO:0014829;GO:0060047;GO:0036302;GO:0033275;GO:0009792;GO:0000281;GO:0006897;GO:0000011;GO:0030476;GO:0048488;GO:0006281;GO:0019894;GO:0005200;GO:0051621;GO:0043503;GO:0090131
NODE_383_length_245_cov_0.906977_g378_i0	1182704	GO:0005524;GO:0016740;GO:0000166;GO:0016787
NODE_384_length_245_cov_0.901163_g379_i0	1305764	GO:0004129;GO:0022900;GO:0005507;GO:0055114;GO:0016491;GO:0020037;GO:1902600;GO:0009060;GO:0046872
NODE_385_length_245_cov_0.895349_g380_i0	10090	GO:0008150;GO:0003674
NODE_387_length_244_cov_1.350877_g382_i0	9606	GO:0007155;GO:0005540
NODE_389_length_244_cov_0.912281_g384_i0	500640	GO:0004033;GO:0055114;GO:0016491;GO:0034198
NODE_390_length_244_cov_0.912281_g385_i0	717931	GO:0006355
NODE_391_length_244_cov_0.906433_g386_i0	9595	GO:0004672;GO:0042802;GO:0005524;GO:0010506;GO:0005516;GO:0043280;GO:0017075;GO:0010508;GO:0004674;GO:0016310;GO:0097190;GO:0008625;GO:0017148;GO:0004683;GO:0016301;GO:0016740;GO:2000310;GO:0071346;GO:0007165;GO:0046777;GO:0006915;GO:0000166;GO:0005515;GO:0006468;GO:0043066;GO:0005525;GO:0071447;GO:0035556;GO:0006417;GO:0042981
NODE_392_length_244_cov_0.900585_g387_i0	9606	GO:0016192;GO:0005515;GO:0006890;GO:0006888
NODE_393_length_244_cov_0.894737_g388_i0	9913	GO:0004672;GO:0005524;GO:0004674;GO:0016310;GO:0004888;GO:0004714;GO:0016301;GO:0016740;GO:0005005;GO:0009968;GO:0007165;GO:0000166;GO:0018108;GO:0030154;GO:0048013;GO:0006468;GO:0043066;GO:0035556;GO:0046872;GO:0070374
NODE_394_length_243_cov_2.688235_g389_i0	9606	GO:0008285;GO:0042802;GO:0009617;GO:0003723;GO:0002376;GO:0035458;GO:0003674;GO:0051607;GO:0009615;GO:0060337;GO:0005515;GO:0045087;GO:0035457;GO:0043066
NODE_396_length_243_cov_1.788235_g391_i0	83333	GO:0003824;GO:0016740;GO:0006974;GO:0032259;GO:0003908;GO:0006307;GO:0008168;GO:0006281
NODE_397_length_243_cov_1.370588_g392_i0	8469	GO:0001649;GO:0043009;GO:0003735;GO:0006364;GO:0003677;GO:0000056;GO:0006614;GO:0003723;GO:0000028;GO:0000184;GO:0006413;GO:0006412;GO:0097421;GO:0005515;GO:0042274
NODE_398_length_243_cov_1.317647_g393_i0	9606	GO:0070972;GO:0036496;GO:1903898;GO:1902310;GO:0032516;GO:1903917;GO:0032515;GO:0034976;GO:0019901;GO:0035308;GO:0008157;GO:0006974;GO:0032058;GO:0019888;GO:0006915;GO:0072542;GO:0005515;GO:0070059;GO:0007050;GO:0006417
NODE_399_length_243_cov_0.911765_g394_i0	10116	GO:0010950;GO:0043130;GO:0043248;GO:0070628;GO:0006368;GO:0006511;GO:0061133;GO:0002020
NODE_401_length_242_cov_2.183432_g396_i0	9597	GO:0002504;GO:0019886;GO:2001190;GO:0002376;GO:0006955;GO:0002503;GO:0042102;GO:0005515;GO:0023026;GO:0002399;GO:0019882
NODE_402_length_242_cov_1.822485_g397_i0	9606	GO:0050713;GO:0032091;GO:0089720;GO:0010466;GO:0042802;GO:0071494;GO:0004197;GO:0051092;GO:0043154;GO:0010804;GO:0071456;GO:0097340;GO:0071222;GO:0050700;GO:0005515;GO:0004869;GO:0030414;GO:0006508;GO:0031665;GO:0019900;GO:0043123;GO:0042981
NODE_404_length_242_cov_0.923077_g399_i0	9913	GO:0071157;GO:0005524;GO:0032435;GO:0046983;GO:0019901;GO:1901799;GO:1903827;GO:0030511;GO:1901389;GO:0006457;GO:0000166;GO:0051082;GO:0005515
NODE_406_length_240_cov_2.323353_g401_i0	483908	GO:0016787
NODE_407_length_240_cov_2.227545_g402_i0	9483	GO:0003735;GO:0002181;GO:0003677;GO:0000049;GO:0045296;GO:0006614;GO:0003723;GO:0003729;GO:0000184;GO:0000027;GO:0006413;GO:0006412;GO:0006355;GO:1990932
NODE_408_length_240_cov_2.173653_g403_i0	4113	GO:0003735;GO:0006412
NODE_409_length_238_cov_3.769697_g404_i0	1313292	GO:0008152;GO:0016798;GO:0004565;GO:0016787
NODE_410_length_237_cov_2.371951_g405_i0	9606	GO:0042802;GO:0003924;GO:0061025;GO:0034340;GO:0008017;GO:0003374;GO:0002376;GO:0045071;GO:0007165;GO:0006915;GO:0000166;GO:0051607;GO:0006952;GO:0009615;GO:0060337;GO:0005515;GO:0045087;GO:0005525;GO:0000266
NODE_412_length_234_cov_2.254658_g407_i0	9606	GO:0098869;GO:0004601
NODE_414_length_230_cov_2.305732_g409_i0	9606	GO:0008380;GO:0003723;GO:0048024;GO:0006397;GO:0005515;GO:0000398
NODE_415_length_226_cov_4.228758_g410_i0	9606	GO:0008150;GO:0003674;GO:0005515
NODE_418_length_222_cov_4.053691_g413_i0	9598	GO:0003677;GO:0000981;GO:0016032;GO:0006357;GO:0046872
NODE_419_length_216_cov_5.076923_g414_i0	9595	GO:0001649;GO:0030335;GO:0010469;GO:0008285;GO:0007155;GO:2000134;GO:0042056;GO:0030282;GO:0007267;GO:0045765;GO:1901215;GO:0032720;GO:0031954;GO:0042130;GO:0005178;GO:0034103;GO:0008201;GO:0001818;GO:0007165;GO:0045545;GO:0050868;GO:0048018;GO:0005515;GO:0050918;GO:0001934;GO:0070374
NODE_420_length_211_cov_5.517606_g415_i0	1150469	GO:0016740
NODE_421_length_209_cov_4.191176_g416_i0	214687	GO:0003824;GO:0005975;GO:0016857
NODE_422_length_203_cov_5.315385_g417_i0	559292	GO:0008150;GO:0003674
NODE_423_length_195_cov_16.429104_g418_i0	9606	GO:0008285;GO:0042802;GO:0008199;GO:0005506;GO:0008198;GO:0006955;GO:0048147;GO:0055114;GO:0060547;GO:0097286;GO:0016491;GO:0006880;GO:0006879;GO:0006826;GO:0005515;GO:0043312;GO:0019900;GO:0046872;GO:0004322
NODE_424_length_150_cov_23.775785_g419_i0	13616	GO:0042802;GO:0008199;GO:0005506;GO:0008198;GO:0055114;GO:0006880;GO:0006879;GO:0006826;GO:0046872;GO:0004322
NODE_425_length_124_cov_2.116751_g420_i0	981085	GO:0030001;GO:0046873
NODE_113_length_416_cov_4.655977_g108_i0	-	-
NODE_122_length_400_cov_2.116208_g117_i0	-	-
NODE_133_length_391_cov_11.500000_g128_i0	-	-
NODE_149_length_369_cov_1613.662162_g144_i0	-	-
NODE_152_length_365_cov_3.332192_g147_i0	-	-
NODE_158_length_355_cov_1.102837_g153_i0	-	-
NODE_189_length_336_cov_2.129278_g184_i0	-	-
NODE_200_length_328_cov_1.827451_g195_i0	-	-
NODE_208_length_320_cov_1.263158_g203_i0	-	-
NODE_20_length_962_cov_104.061867_g17_i0	-	-
NODE_223_length_313_cov_1.300000_g218_i0	-	-
NODE_232_length_304_cov_1.532468_g227_i0	-	-
NODE_235_length_300_cov_2.660793_g230_i0	-	-
NODE_236_length_300_cov_2.634361_g231_i0	-	-
NODE_237_length_300_cov_1.118943_g232_i0	-	-
NODE_238_length_299_cov_3.327434_g233_i0	-	-
NODE_255_length_290_cov_1.405530_g250_i0	-	-
NODE_265_length_284_cov_4.000000_g260_i0	-	-
NODE_266_length_284_cov_2.146919_g261_i0	-	-
NODE_267_length_284_cov_1.473934_g262_i0	-	-
NODE_277_length_279_cov_1.504854_g272_i0	-	-
NODE_280_length_278_cov_1.658537_g275_i0	-	-
NODE_283_length_275_cov_1.806931_g278_i0	-	-
NODE_307_length_263_cov_2.347368_g302_i0	-	-
NODE_310_length_262_cov_1.407407_g305_i0	-	-
NODE_320_length_256_cov_2.426230_g315_i0	-	-
NODE_328_length_253_cov_1.533333_g323_i0	-	-
NODE_337_length_252_cov_1.692737_g332_i0	-	-
NODE_348_length_250_cov_3.271186_g343_i0	-	-
NODE_355_length_250_cov_0.875706_g350_i0	-	-
NODE_358_length_249_cov_5.744318_g353_i0	-	-
NODE_372_length_247_cov_0.879310_g367_i0	-	-
NODE_378_length_245_cov_1.784884_g373_i0	-	-
NODE_386_length_244_cov_1.608187_g381_i0	-	-
NODE_388_length_244_cov_1.339181_g383_i0	-	-
NODE_395_length_243_cov_1.800000_g390_i0	-	-
NODE_400_length_242_cov_3.153846_g395_i0	-	-
NODE_403_length_242_cov_1.798817_g398_i0	-	-
NODE_405_length_241_cov_8.005952_g400_i0	-	-
NODE_411_length_237_cov_2.012195_g406_i0	-	-
NODE_413_length_232_cov_3.761006_g408_i0	-	-
NODE_416_length_225_cov_4.861842_g411_i0	-	-
NODE_417_length_223_cov_2.106667_g412_i0	-	-
NODE_426_length_85_cov_2.936709_g421_i0	-	-
NODE_49_length_614_cov_1606.757856_g45_i0	-	-
NODE_57_length_589_cov_4.868217_g52_i0	-	-
NODE_82_length_504_cov_1.863109_g77_i0	-	-
NODE_85_length_488_cov_13.932530_g80_i0	-	-
